TMDb ID,IMDb ID,Type,Name,Release Date,Season Number,Episode Number,Rating,Your Rating,Date Rated
1271,tt0416449,movie,300,2007-03-07T00:00:00Z,,,7.192,8.0,2019-09-18T00:00:00Z
530915,tt8579674,movie,1917,2019-12-25T00:00:00Z,,,7.985,9.0,2020-01-11T00:00:00Z
19913,tt1022603,movie,(500) Days of Summer,2009-07-17T00:00:00Z,,,7.298,7.0,2015-11-19T00:00:00Z
333371,tt1179933,movie,10 Cloverfield Lane,2016-03-10T00:00:00Z,,,6.998,6.0,2022-08-30T00:00:00Z
389,tt0050083,movie,12 Angry Men,1957-04-10T00:00:00Z,,,8.556,9.0,2014-12-30T00:00:00Z
136400,tt1272878,movie,2 Guns,2013-08-02T00:00:00Z,,,6.541,4.0,2015-10-07T00:00:00Z
62,tt0062622,movie,2001: A Space Odyssey,1968-04-02T00:00:00Z,,,8.057,10.0,2015-12-06T00:00:00Z
170,tt0289043,movie,28 Days Later,2002-10-31T00:00:00Z,,,7.237,8.0,2016-10-10T00:00:00Z
1562,tt0463854,movie,28 Weeks Later,2007-04-26T00:00:00Z,,,6.604,6.0,2020-04-08T00:00:00Z
76360,tt2076781,movie,6 Days to Air: The Making of South Park,2011-10-09T00:00:00Z,,,7.56,8.0,2018-07-29T00:00:00Z
422,tt0056801,movie,8½,1963-02-14T00:00:00Z,,,8.113,2.0,2020-09-19T00:00:00Z
365997,tt2800050,movie,A Beautiful Planet,2016-04-16T00:00:00Z,,,7.14,8.0,2016-10-15T00:00:00Z
185,tt0066921,movie,A Clockwork Orange,1971-10-28T00:00:00Z,,,8.18,8.0,2020-04-01T00:00:00Z
661539,tt11563598,movie,A Complete Unknown,2024-12-25T00:00:00Z,,,7.081,5.0,2025-01-29T00:00:00Z
623,tt0095159,movie,A Fish Called Wanda,1988-07-15T00:00:00Z,,,7.208,6.0,2016-09-29T00:00:00Z
428449,tt6265828,movie,A Ghost Story,2017-04-24T00:00:00Z,,,7.079,7.0,2018-03-13T00:00:00Z
1290159,tt32376165,movie,A House of Dynamite,2025-10-02T00:00:00Z,,,6.403,7.0,2025-10-25T00:00:00Z
3509,tt0405296,movie,A Scanner Darkly,2006-07-07T00:00:00Z,,,6.797,6.0,2025-06-18T00:00:00Z
12573,tt1019452,movie,A Serious Man,2009-10-02T00:00:00Z,,,6.711,8.0,2016-04-15T00:00:00Z
332562,tt1517451,movie,A Star Is Born,2018-10-03T00:00:00Z,,,7.495,7.0,2018-10-27T00:00:00Z
25364,tt0043338,movie,Ace in the Hole,1951-06-29T00:00:00Z,,,7.859,8.0,2016-09-14T00:00:00Z
419704,tt2935510,movie,Ad Astra,2019-09-17T00:00:00Z,,,6.123,8.0,2019-09-24T00:00:00Z
2757,tt0268126,movie,Adaptation.,2002-12-06T00:00:00Z,,,7.342,9.0,2016-05-10T00:00:00Z
10843,tt0088680,movie,After Hours,1985-09-13T00:00:00Z,,,7.494,2.0,2021-10-09T00:00:00Z
2000,tt0068182,movie,"Aguirre, der Zorn Gottes",1972-12-29T00:00:00Z,,,7.447,3.0,2016-09-29T00:00:00Z
1000837,tt14961016,movie,Ainda Estou Aqui,2024-09-19T00:00:00Z,,,7.893,9.0,2025-02-08T00:00:00Z
813,tt0080339,movie,Airplane!,1980-06-27T00:00:00Z,,,7.31,8.0,2018-04-29T00:00:00Z
149,tt0094625,movie,AKIRA,1988-06-10T00:00:00Z,,,7.942,8.0,2018-06-20T00:00:00Z
348,tt0078748,movie,Alien,1979-05-25T00:00:00Z,,,8.166,7.0,2016-08-28T00:00:00Z
679,tt0090605,movie,Aliens,1986-07-18T00:00:00Z,,,7.956,6.0,2015-12-06T00:00:00Z
399579,tt0437086,movie,Alita: Battle Angel,2019-01-31T00:00:00Z,,,7.244,8.0,2023-06-27T00:00:00Z
705,tt0042192,movie,All About Eve,1950-11-09T00:00:00Z,,,8.082,8.0,2020-03-21T00:00:00Z
16858,tt0078754,movie,All That Jazz,1979-12-16T00:00:00Z,,,7.486,9.0,2015-11-21T00:00:00Z
279,tt0086879,movie,Amadeus,1984-09-19T00:00:00Z,,,8.022,9.0,2023-08-01T00:00:00Z
763285,tt4998632,movie,Ambulance,2022-03-16T00:00:00Z,,,6.619,2.0,2022-10-25T00:00:00Z
14,tt0169547,movie,American Beauty,1999-09-15T00:00:00Z,,,8.002,9.0,2016-11-30T00:00:00Z
1056360,tt23561236,movie,American Fiction,2023-11-10T00:00:00Z,,,7.268,9.0,2024-01-27T00:00:00Z
73,tt0120586,movie,American History X,1998-07-01T00:00:00Z,,,8.327,10.0,2016-02-06T00:00:00Z
1359,tt0144084,movie,American Psycho,2000-01-21T00:00:00Z,,,7.407,4.0,2019-09-07T00:00:00Z
109443,tt1229340,movie,Anchorman 2: The Legend Continues,2013-12-18T00:00:00Z,,,6.135,6.0,2018-07-26T00:00:00Z
8699,tt0357413,movie,Anchorman: The Legend of Ron Burgundy,2004-06-28T00:00:00Z,,,6.703,7.0,2018-04-18T00:00:00Z
270604,tt1693106,movie,Angry White Man,2011-10-22T00:00:00Z,,,2.0,1.0,2016-05-18T00:00:00Z
216,tt0071141,movie,Angst essen Seele auf,1974-03-05T00:00:00Z,,,7.73,8.0,2015-10-14T00:00:00Z
610120,tt10516984,movie,Anima,2019-06-26T00:00:00Z,,,7.296,6.0,2019-07-18T00:00:00Z
300668,tt2798920,movie,Annihilation,2018-02-22T00:00:00Z,,,6.439,8.0,2018-03-25T00:00:00Z
291270,tt2401878,movie,Anomalisa,2015-12-30T00:00:00Z,,,7.102,8.0,2023-08-07T00:00:00Z
1064213,tt28607951,movie,Anora,2024-10-14T00:00:00Z,,,7.058,6.0,2025-01-02T00:00:00Z
28,tt0078788,movie,Apocalypse Now,1979-05-19T00:00:00Z,,,8.268,10.0,2015-07-26T00:00:00Z
1579,tt0472043,movie,Apocalypto,2006-12-07T00:00:00Z,,,7.594,4.0,2016-02-26T00:00:00Z
568,tt0112384,movie,Apollo 13,1995-06-30T00:00:00Z,,,7.452,8.0,2020-04-15T00:00:00Z
11637,tt0368578,movie,Are We There Yet?,2005-01-20T00:00:00Z,,,5.688,4.0,2018-04-04T00:00:00Z
68734,tt1024648,movie,Argo,2012-10-11T00:00:00Z,,,7.281,8.0,2023-06-28T00:00:00Z
329865,tt2543164,movie,Arrival,2016-11-10T00:00:00Z,,,7.624,10.0,2024-01-06T00:00:00Z
747188,tt14230388,movie,Asteroid City,2023-06-08T00:00:00Z,,,6.443,8.0,2023-06-23T00:00:00Z
10865,tt0230011,movie,Atlantis: The Lost Empire,2001-06-02T00:00:00Z,,,7.036,9.0,2022-06-12T00:00:00Z
816,tt0118655,movie,Austin Powers: International Man of Mystery,1997-05-02T00:00:00Z,,,6.59,6.0,2024-04-14T00:00:00Z
817,tt0145660,movie,Austin Powers: The Spy Who Shagged Me,1999-06-08T00:00:00Z,,,6.299,4.0,2024-06-13T00:00:00Z
19995,tt0499549,movie,Avatar,2009-12-16T00:00:00Z,,,7.6,6.0,2016-10-12T00:00:00Z
76600,tt1630029,movie,Avatar: The Way of Water,2022-12-14T00:00:00Z,,,7.598,9.0,2022-12-19T00:00:00Z
99861,tt2395427,movie,Avengers: Age of Ultron,2015-04-22T00:00:00Z,,,7.271,8.0,2019-04-24T00:00:00Z
299534,tt4154796,movie,Avengers: Endgame,2019-04-24T00:00:00Z,,,8.236,9.0,2023-07-25T00:00:00Z
299536,tt4154756,movie,Avengers: Infinity War,2018-04-25T00:00:00Z,,,8.234,9.0,2018-05-02T00:00:00Z
339403,tt3890160,movie,Baby Driver,2017-06-28T00:00:00Z,,,7.442,9.0,2017-06-28T00:00:00Z
615777,tt10640346,movie,Babylon,2022-12-22T00:00:00Z,,,7.368,6.0,2023-01-15T00:00:00Z
15596,tt0090685,movie,Back to School,1986-06-13T00:00:00Z,,,6.335,4.0,2018-01-30T00:00:00Z
105,tt0088763,movie,Back to the Future,1985-07-03T00:00:00Z,,,8.323,7.0,2016-09-29T00:00:00Z
514754,tt8075496,movie,Bao,2018-06-15T00:00:00Z,,,7.56,7.0,2018-06-19T00:00:00Z
14002,tt0103767,movie,Baraka,1992-09-15T00:00:00Z,,,8.225,9.0,2025-01-02T00:00:00Z
346698,tt1517268,movie,Barbie,2023-07-19T00:00:00Z,,,6.928,8.0,2023-07-21T00:00:00Z
290,tt0101410,movie,Barton Fink,1991-08-01T00:00:00Z,,,7.457,7.0,2016-02-06T00:00:00Z
272,tt0372784,movie,Batman Begins,2005-06-10T00:00:00Z,,,7.72,8.0,2016-09-29T00:00:00Z
84175,tt2125435,movie,Beasts of the Southern Wild,2012-06-29T00:00:00Z,,,6.83,6.0,2025-09-11T00:00:00Z
4011,tt0094721,movie,Beetlejuice,1988-03-30T00:00:00Z,,,7.367,9.0,2024-09-06T00:00:00Z
917496,tt2049403,movie,Beetlejuice Beetlejuice,2024-09-04T00:00:00Z,,,6.944,8.0,2024-09-06T00:00:00Z
410718,tt5929776,movie,Before the Flood,2016-10-21T00:00:00Z,,,7.691,8.0,2016-11-04T00:00:00Z
492,tt0120601,movie,Being John Malkovich,1999-10-29T00:00:00Z,,,7.412,9.0,2016-02-28T00:00:00Z
665,tt0052618,movie,Ben-Hur,1959-11-18T00:00:00Z,,,7.883,8.0,2016-09-29T00:00:00Z
13785,tt0218839,movie,Best in Show,2000-09-29T00:00:00Z,,,6.863,7.0,2019-09-15T00:00:00Z
584962,tt9398640,movie,Between Two Ferns: The Movie,2019-09-20T00:00:00Z,,,5.931,7.0,2019-09-25T00:00:00Z
2280,tt0094737,movie,Big,1988-06-03T00:00:00Z,,,7.182,6.0,2025-09-07T00:00:00Z
177572,tt2245084,movie,Big Hero 6,2014-10-24T00:00:00Z,,,7.725,4.0,2014-11-12T00:00:00Z
194662,tt2562232,movie,Birdman or (The Unexpected Virtue of Ignorance),2014-10-17T00:00:00Z,,,7.444,3.0,2016-09-29T00:00:00Z
855,tt0265086,movie,Black Hawk Down,2001-12-28T00:00:00Z,,,7.39,7.0,2015-10-07T00:00:00Z
261023,tt1355683,movie,Black Mass,2015-09-17T00:00:00Z,,,6.526,7.0,2018-02-15T00:00:00Z
569547,tt9495224,movie,Black Mirror: Bandersnatch,2018-12-28T00:00:00Z,,,6.763,8.0,2019-03-11T00:00:00Z
284054,tt1825683,movie,Black Panther,2018-02-13T00:00:00Z,,,7.362,7.0,2018-02-16T00:00:00Z
44214,tt0947798,movie,Black Swan,2010-12-03T00:00:00Z,,,7.686,5.0,2018-08-01T00:00:00Z
487558,tt7349662,movie,BlacKkKlansman,2018-08-09T00:00:00Z,,,7.491,7.0,2018-08-22T00:00:00Z
78,tt0083658,movie,Blade Runner,1982-06-25T00:00:00Z,,,7.94,5.0,2015-10-07T00:00:00Z
335984,tt1856101,movie,Blade Runner 2049,2017-10-04T00:00:00Z,,,7.589,9.0,2017-10-09T00:00:00Z
9955,tt0445934,movie,Blades of Glory,2007-03-30T00:00:00Z,,,6.116,4.0,2016-09-29T00:00:00Z
11368,tt0086979,movie,Blood Simple,1985-01-18T00:00:00Z,,,7.252,6.0,2016-02-25T00:00:00Z
15087,tt0099158,movie,Blue Planet,1990-01-01T00:00:00Z,,,5.983,6.0,2016-10-15T00:00:00Z
793,tt0090756,movie,Blue Velvet,1986-09-19T00:00:00Z,,,7.608,3.0,2016-03-27T00:00:00Z
823754,tt14544192,movie,Bo Burnham: Inside,2021-07-22T00:00:00Z,,,8.005,9.0,2021-06-02T00:00:00Z
400608,tt5192124,movie,Bo Burnham: Make Happy,2016-06-03T00:00:00Z,,,8.017,9.0,2017-01-16T00:00:00Z
244001,tt3210258,movie,Bo Burnham: What.,2013-12-17T00:00:00Z,,,7.856,9.0,2018-07-26T00:00:00Z
47911,tt1747960,movie,"Bo Burnham: Words, Words, Words",2010-10-16T00:00:00Z,,,7.322,8.0,2018-07-26T00:00:00Z
336882,tt3616916,movie,Bølgen,2015-08-28T00:00:00Z,,,6.695,7.0,2020-12-23T00:00:00Z
4995,tt0118749,movie,Boogie Nights,1997-10-10T00:00:00Z,,,7.628,8.0,2018-05-16T00:00:00Z
740985,tt13143964,movie,Borat Subsequent Moviefilm,2020-10-23T00:00:00Z,,,6.43,7.0,2020-11-09T00:00:00Z
496,tt0443453,movie,Borat: Cultural Learnings of America for Make Benefit Glorious Nation of Kazakhstan,2006-11-01T00:00:00Z,,,6.783,7.0,2018-03-26T00:00:00Z
1430,tt0310793,movie,Bowling for Columbine,2002-10-09T00:00:00Z,,,7.512,3.0,2016-11-08T00:00:00Z
85350,tt1065073,movie,Boyhood,2014-06-05T00:00:00Z,,,7.492,6.0,2014-12-29T00:00:00Z
197,tt0112573,movie,Braveheart,1995-05-24T00:00:00Z,,,7.941,9.0,2016-03-01T00:00:00Z
68,tt0088846,movie,Brazil,1985-02-20T00:00:00Z,,,7.666,8.0,2020-02-02T00:00:00Z
145,tt0115751,movie,Breaking the Waves,1996-07-05T00:00:00Z,,,7.504,5.0,2017-09-07T00:00:00Z
18533,tt1172570,movie,Bronson,2009-03-13T00:00:00Z,,,6.963,7.0,2019-08-12T00:00:00Z
701387,tt12300742,movie,Bugonia,2025-10-23T00:00:00Z,,,7.35,6.0,2025-11-05T00:00:00Z
916,tt0062765,movie,Bullitt,1968-10-17T00:00:00Z,,,7.141,5.0,2022-01-31T00:00:00Z
4944,tt0887883,movie,Burn After Reading,2008-09-05T00:00:00Z,,,6.672,9.0,2016-04-01T00:00:00Z
747059,tt13167288,movie,Burrow,2020-12-25T00:00:00Z,,,7.406,7.0,2021-01-05T00:00:00Z
335,tt0064116,movie,C'era una volta il West,1968-12-21T00:00:00Z,,,8.28,8.0,2019-06-14T00:00:00Z
10086,tt0103905,movie,C'est arrivé près de chez vous,1992-08-20T00:00:00Z,,,7.22,6.0,2016-11-10T00:00:00Z
398818,tt5726616,movie,Call Me by Your Name,2017-10-01T00:00:00Z,,,8.096,3.0,2025-04-30T00:00:00Z
376534,tt5375040,movie,Cameraperson,2016-09-09T00:00:00Z,,,6.7,6.0,2024-06-06T00:00:00Z
271110,tt3498820,movie,Captain America: Civil War,2016-04-27T00:00:00Z,,,7.446,5.0,2016-08-28T00:00:00Z
1771,tt0458339,movie,Captain America: The First Avenger,2011-07-22T00:00:00Z,,,7.004,6.0,2019-04-07T00:00:00Z
100402,tt1843866,movie,Captain America: The Winter Soldier,2014-03-20T00:00:00Z,,,7.654,8.0,2018-07-26T00:00:00Z
299537,tt4154664,movie,Captain Marvel,2019-03-06T00:00:00Z,,,6.785,9.0,2019-04-07T00:00:00Z
920,tt0317219,movie,Cars,2006-06-08T00:00:00Z,,,7.021,9.0,2016-09-29T00:00:00Z
289,tt0034583,movie,Casablanca,1943-01-15T00:00:00Z,,,8.143,9.0,2019-08-08T00:00:00Z
524,tt0112641,movie,Casino,1995-11-22T00:00:00Z,,,7.99,8.0,2020-12-14T00:00:00Z
36557,tt0381061,movie,Casino Royale,2006-11-14T00:00:00Z,,,7.569,6.0,2015-10-28T00:00:00Z
8358,tt0162222,movie,Cast Away,2000-12-22T00:00:00Z,,,7.66,8.0,2015-01-04T00:00:00Z
236028,tt3331512,movie,Castello Cavalcanti,2013-11-12T00:00:00Z,,,7.013,9.0,2019-07-30T00:00:00Z
640,tt0264464,movie,Catch Me If You Can,2002-12-16T00:00:00Z,,,7.977,9.0,2019-05-17T00:00:00Z
10364,tt0065528,movie,Catch-22,1970-06-24T00:00:00Z,,,6.657,10.0,2016-04-06T00:00:00Z
198184,tt1823672,movie,Chappie,2015-03-04T00:00:00Z,,,6.786,9.0,2015-04-14T00:00:00Z
118,tt0367594,movie,Charlie and the Chocolate Factory,2005-07-13T00:00:00Z,,,7.039,7.0,2016-09-29T00:00:00Z
212778,tt2883512,movie,Chef,2014-05-08T00:00:00Z,,,7.114,8.0,2018-03-13T00:00:00Z
9693,tt0206634,movie,Children of Men,2006-09-22T00:00:00Z,,,7.611,10.0,2025-11-29T00:00:00Z
829,tt0071315,movie,Chinatown,1974-06-20T00:00:00Z,,,7.912,8.0,2019-06-13T00:00:00Z
734002,tt10651230,movie,Chłopi,2023-10-13T00:00:00Z,,,7.507,7.0,2025-01-07T00:00:00Z
13673,tt0388419,movie,Christmas with the Kranks,2004-11-24T00:00:00Z,,,6.151,3.0,2020-12-25T00:00:00Z
598,tt0317248,movie,Cidade de Deus,2002-08-30T00:00:00Z,,,8.427,7.0,2015-12-04T00:00:00Z
15,tt0033467,movie,Citizen Kane,1941-04-17T00:00:00Z,,,7.981,6.0,2015-02-06T00:00:00Z
901,tt0021749,movie,City Lights,1931-02-06T00:00:00Z,,,8.258,9.0,2017-01-16T00:00:00Z
929590,tt17279496,movie,Civil War,2024-04-10T00:00:00Z,,,6.845,8.0,2024-04-15T00:00:00Z
840,tt0075860,movie,Close Encounters of the Third Kind,1977-12-14T00:00:00Z,,,7.352,7.0,2016-02-26T00:00:00Z
83542,tt1371111,movie,Cloud Atlas,2012-10-26T00:00:00Z,,,6.893,9.0,2016-10-10T00:00:00Z
7191,tt1060277,movie,Cloverfield,2008-01-15T00:00:00Z,,,6.704,5.0,2016-09-24T00:00:00Z
354912,tt2380307,movie,Coco,2017-10-27T00:00:00Z,,,8.199,9.0,2018-12-15T00:00:00Z
1612022,tt6282412,movie,Come Together,,,,6.4,8.0,2019-10-27T00:00:00Z
974576,tt20215234,movie,Conclave,2024-10-25T00:00:00Z,,,7.191,9.0,2025-04-25T00:00:00Z
903,tt0061512,movie,Cool Hand Luke,1967-11-01T00:00:00Z,,,7.739,9.0,2018-02-08T00:00:00Z
14836,tt0327597,movie,Coraline,2009-02-05T00:00:00Z,,,7.9,7.0,2024-09-13T00:00:00Z
358332,tt4957236,movie,Cosmos Laundromat,2015-08-10T00:00:00Z,,,6.333,7.0,2019-08-07T00:00:00Z
49849,tt0409847,movie,Cowboys & Aliens,2011-07-29T00:00:00Z,,,5.642,3.0,2015-11-04T00:00:00Z
312221,tt3076658,movie,Creed,2015-11-25T00:00:00Z,,,7.403,6.0,2017-01-16T00:00:00Z
480530,tt6343314,movie,Creed II,2018-11-21T00:00:00Z,,,7.029,6.0,2018-11-25T00:00:00Z
552178,tt9071322,movie,Dark Waters,2019-11-22T00:00:00Z,,,7.535,9.0,2025-10-22T00:00:00Z
399404,tt4555426,movie,Darkest Hour,2017-11-22T00:00:00Z,,,7.355,8.0,2018-01-24T00:00:00Z
387,tt0082096,movie,Das Boot,1981-09-17T00:00:00Z,,,8.085,7.0,2016-09-29T00:00:00Z
582,tt0405094,movie,Das Leben der Anderen,2006-03-23T00:00:00Z,,,8.038,8.0,2025-09-17T00:00:00Z
207,tt0097165,movie,Dead Poets Society,1989-06-02T00:00:00Z,,,8.301,7.0,2016-09-29T00:00:00Z
293660,tt1431045,movie,Deadpool,2016-02-09T00:00:00Z,,,7.622,5.0,2016-03-19T00:00:00Z
383498,tt5463162,movie,Deadpool 2,2018-05-15T00:00:00Z,,,7.488,7.0,2018-05-19T00:00:00Z
114750,tt2235108,movie,Dear White People,2014-10-17T00:00:00Z,,,6.096,2.0,2016-05-18T00:00:00Z
303991,tt1172049,movie,Demolition,2016-04-06T00:00:00Z,,,6.838,8.0,2018-04-17T00:00:00Z
12139,tt0106701,movie,Dennis the Menace,1993-06-09T00:00:00Z,,,5.881,3.0,2018-02-20T00:00:00Z
475094,tt6763252,movie,Der Hauptmann,2018-02-02T00:00:00Z,,,7.193,8.0,2019-10-20T00:00:00Z
144,tt0093191,movie,Der Himmel über Berlin,1987-09-23T00:00:00Z,,,7.769,9.0,2015-11-11T00:00:00Z
490,tt0050976,movie,Det sjunde inseglet,1957-02-16T00:00:00Z,,,8.164,7.0,2015-10-02T00:00:00Z
8592,tt0099422,movie,Dick Tracy,1990-04-05T00:00:00Z,,,6.147,5.0,2015-11-09T00:00:00Z
562,tt0095016,movie,Die Hard,1988-07-15T00:00:00Z,,,7.806,7.0,2018-03-24T00:00:00Z
17654,tt1136608,movie,District 9,2009-08-05T00:00:00Z,,,7.461,9.0,2016-09-29T00:00:00Z
68718,tt1853728,movie,Django Unchained,2012-12-25T00:00:00Z,,,8.187,9.0,2015-10-28T00:00:00Z
284052,tt1211837,movie,Doctor Strange,2016-10-25T00:00:00Z,,,7.417,8.0,2022-05-21T00:00:00Z
646380,tt11286314,movie,Don't Look Up,2021-12-08T00:00:00Z,,,7.062,3.0,2022-03-06T00:00:00Z
141,tt0246578,movie,Donnie Darko,2001-01-19T00:00:00Z,,,7.763,9.0,2015-12-13T00:00:00Z
996,tt0036775,movie,Double Indemnity,1944-07-06T00:00:00Z,,,8.095,8.0,2020-04-03T00:00:00Z
646,tt0055928,movie,Dr. No,1962-10-07T00:00:00Z,,,6.99,8.0,2019-03-12T00:00:00Z
935,tt0057012,movie,Dr. Strangelove or: How I Learned to Stop Worrying and Love the Bomb,1964-01-29T00:00:00Z,,,8.126,8.0,2016-09-29T00:00:00Z
64690,tt0780504,movie,Drive,2011-09-15T00:00:00Z,,,7.583,10.0,2016-01-24T00:00:00Z
934,tt0048021,movie,Du rififi chez les hommes,1955-04-13T00:00:00Z,,,7.774,5.0,2016-08-28T00:00:00Z
839,tt0067023,movie,Duel,1971-11-13T00:00:00Z,,,7.418,7.0,2019-05-17T00:00:00Z
438631,tt1160419,movie,Dune,2021-09-15T00:00:00Z,,,7.777,10.0,2021-10-24T00:00:00Z
693134,tt15239678,movie,Dune: Part Two,2024-02-27T00:00:00Z,,,8.13,10.0,2024-03-03T00:00:00Z
374720,tt5013056,movie,Dunkirk,2017-07-19T00:00:00Z,,,7.449,9.0,2017-07-22T00:00:00Z
601,tt0083866,movie,E.T. the Extra-Terrestrial,1982-06-11T00:00:00Z,,,7.511,8.0,2019-09-26T00:00:00Z
137113,tt1631867,movie,Edge of Tomorrow,2014-05-27T00:00:00Z,,,7.634,8.0,2015-11-25T00:00:00Z
162,tt0099487,movie,Edward Scissorhands,1990-12-07T00:00:00Z,,,7.718,8.0,2016-12-04T00:00:00Z
489925,tt7014006,movie,Eighth Grade,2018-01-19T00:00:00Z,,,7.156,8.0,2018-08-06T00:00:00Z
1417,tt0457430,movie,El laberinto del fauno,2006-10-11T00:00:00Z,,,7.757,9.0,2019-05-10T00:00:00Z
614934,tt3704428,movie,Elvis,2022-06-22T00:00:00Z,,,7.468,8.0,2023-04-30T00:00:00Z
68724,tt1535108,movie,Elysium,2013-08-07T00:00:00Z,,,6.513,8.0,2016-05-14T00:00:00Z
568124,tt2953050,movie,Encanto,2021-10-13T00:00:00Z,,,7.572,8.0,2022-02-04T00:00:00Z
77016,tt1855199,movie,End of Watch,2012-09-20T00:00:00Z,,,7.349,6.0,2023-07-17T00:00:00Z
181886,tt2316411,movie,Enemy,2014-03-14T00:00:00Z,,,6.849,8.0,2018-12-16T00:00:00Z
38,tt0338013,movie,Eternal Sunshine of the Spotless Mind,2004-03-19T00:00:00Z,,,8.091,5.0,2016-05-26T00:00:00Z
174772,tt2051879,movie,Europa Report,2013-06-27T00:00:00Z,,,6.282,4.0,2025-07-19T00:00:00Z
545611,tt6710474,movie,Everything Everywhere All at Once,2022-03-24T00:00:00Z,,,7.72,10.0,2022-05-29T00:00:00Z
264660,tt0470752,movie,Ex Machina,2015-01-21T00:00:00Z,,,7.573,8.0,2018-07-26T00:00:00Z
333352,tt2057392,movie,Eye in the Sky,2015-09-07T00:00:00Z,,,7.005,6.0,2016-11-18T00:00:00Z
345,tt0120663,movie,Eyes Wide Shut,1999-07-16T00:00:00Z,,,7.485,7.0,2017-04-18T00:00:00Z
911430,tt16311594,movie,F1,2025-06-25T00:00:00Z,,,7.768,7.0,2025-06-24T00:00:00Z
10315,tt0432283,movie,Fantastic Mr. Fox,2009-10-14T00:00:00Z,,,7.813,8.0,2016-04-10T00:00:00Z
275,tt0116282,movie,Fargo,1996-03-08T00:00:00Z,,,7.847,9.0,2016-03-24T00:00:00Z
365620,tt3758542,movie,Ferrari,2023-12-14T00:00:00Z,,,6.373,6.0,2024-01-01T00:00:00Z
550,tt0137523,movie,Fight Club,1999-10-15T00:00:00Z,,,8.438,9.0,2015-01-20T00:00:00Z
12,tt0266543,movie,Finding Nemo,2003-05-30T00:00:00Z,,,7.817,8.0,2016-09-29T00:00:00Z
913823,tt16227014,movie,Fire of Love,2022-07-06T00:00:00Z,,,7.54,7.0,2024-09-08T00:00:00Z
369972,tt1213641,movie,First Man,2018-10-10T00:00:00Z,,,7.043,8.0,2018-10-15T00:00:00Z
359724,tt1950186,movie,Ford v Ferrari,2019-11-13T00:00:00Z,,,8.005,8.0,2019-12-02T00:00:00Z
13,tt0109830,movie,Forrest Gump,1994-06-23T00:00:00Z,,,8.462,10.0,2015-12-06T00:00:00Z
5,tt0113101,movie,Four Rooms,1995-12-09T00:00:00Z,,,5.889,8.0,2024-09-15T00:00:00Z
87492,tt1100089,movie,Foxcatcher,2014-11-14T00:00:00Z,,,6.652,4.0,2015-01-19T00:00:00Z
171372,tt1605717,movie,Frank,2014-05-09T00:00:00Z,,,6.858,6.0,2022-01-18T00:00:00Z
33914,tt0087291,movie,Frankenweenie,1984-12-14T00:00:00Z,,,6.946,8.0,2018-01-23T00:00:00Z
515042,tt7775622,movie,Free Solo,2018-09-28T00:00:00Z,,,7.908,6.0,2020-01-26T00:00:00Z
657,tt0057076,movie,From Russia with Love,1963-10-10T00:00:00Z,,,7.066,8.0,2019-03-13T00:00:00Z
11499,tt0870111,movie,Frost/Nixon,2008-10-15T00:00:00Z,,,7.277,8.0,2016-10-12T00:00:00Z
600,tt0093058,movie,Full Metal Jacket,1987-06-26T00:00:00Z,,,8.121,8.0,2020-06-05T00:00:00Z
8461,tt0808279,movie,Funny Games,2008-03-14T00:00:00Z,,,6.556,8.0,2016-03-19T00:00:00Z
786892,tt12037194,movie,Furiosa: A Mad Max Saga,2024-05-22T00:00:00Z,,,7.455,8.0,2024-05-27T00:00:00Z
228150,tt2713180,movie,Fury,2014-10-15T00:00:00Z,,,7.54,7.0,2016-09-30T00:00:00Z
82682,tt1321870,movie,Gangster Squad,2013-01-09T00:00:00Z,,,6.377,7.0,2016-02-26T00:00:00Z
782,tt0119177,movie,Gattaca,1997-07-09T00:00:00Z,,,7.565,8.0,2016-09-29T00:00:00Z
18292,tt0262432,movie,George Washington,2000-10-27T00:00:00Z,,,6.64,5.0,2024-08-29T00:00:00Z
419430,tt5052448,movie,Get Out,2017-02-24T00:00:00Z,,,7.622,7.0,2017-03-18T00:00:00Z
9323,tt0113568,movie,GHOST IN THE SHELL,1995-11-18T00:00:00Z,,,7.924,8.0,2023-06-10T00:00:00Z
16263,tt0089208,movie,Girls Just Want to Have Fun,1985-04-12T00:00:00Z,,,6.101,5.0,2018-01-23T00:00:00Z
98,tt0172495,movie,Gladiator,2000-05-04T00:00:00Z,,,8.221,7.0,2015-12-06T00:00:00Z
465078,tt7136550,movie,God: Serengeti,2017-07-06T00:00:00Z,,,6.673,5.0,2019-09-29T00:00:00Z
210577,tt2267998,movie,Gone Girl,2014-10-01T00:00:00Z,,,7.888,8.0,2016-09-29T00:00:00Z
770,tt0031381,movie,Gone with the Wind,1939-12-15T00:00:00Z,,,7.92,9.0,2016-10-01T00:00:00Z
972545,tt14179942,movie,Good Night Oppy,2022-11-04T00:00:00Z,,,7.494,6.0,2023-08-08T00:00:00Z
3291,tt0433383,movie,"Good Night, and Good Luck.",2005-09-16T00:00:00Z,,,7.071,8.0,2016-09-29T00:00:00Z
489,tt0119217,movie,Good Will Hunting,1997-12-05T00:00:00Z,,,8.158,9.0,2023-07-12T00:00:00Z
769,tt0099685,movie,GoodFellas,1990-09-12T00:00:00Z,,,8.452,8.0,2016-01-23T00:00:00Z
13223,tt1205489,movie,Gran Torino,2008-12-12T00:00:00Z,,,7.987,8.0,2018-02-22T00:00:00Z
49047,tt1454468,movie,Gravity,2013-10-03T00:00:00Z,,,7.167,8.0,2015-12-06T00:00:00Z
137,tt0107048,movie,Groundhog Day,1993-02-11T00:00:00Z,,,7.624,7.0,2018-12-15T00:00:00Z
118340,tt2015381,movie,Guardians of the Galaxy,2014-07-30T00:00:00Z,,,7.905,4.0,2014-12-29T00:00:00Z
283995,tt3896198,movie,Guardians of the Galaxy Vol. 2,2017-04-19T00:00:00Z,,,7.609,8.0,2017-05-10T00:00:00Z
555604,tt1488589,movie,Guillermo del Toro's Pinocchio,2022-11-09T00:00:00Z,,,8.027,8.0,2024-11-05T00:00:00Z
324786,tt2119532,movie,Hacksaw Ridge,2016-10-07T00:00:00Z,,,8.191,9.0,2017-01-01T00:00:00Z
556574,tt8503618,movie,Hamilton,2025-09-05T00:00:00Z,,,7.642,9.0,2020-07-08T00:00:00Z
9614,tt0116483,movie,Happy Gilmore,1996-02-16T00:00:00Z,,,6.667,5.0,2025-07-31T00:00:00Z
325348,tt3072482,movie,Hardcore Henry,2015-09-12T00:00:00Z,,,6.395,6.0,2018-04-15T00:00:00Z
672,tt0295297,movie,Harry Potter and the Chamber of Secrets,2002-11-13T00:00:00Z,,,7.704,8.0,2017-12-22T00:00:00Z
12444,tt0926084,movie,Harry Potter and the Deathly Hallows: Part 1,2010-11-17T00:00:00Z,,,7.736,8.0,2018-01-21T00:00:00Z
12445,tt1201607,movie,Harry Potter and the Deathly Hallows: Part 2,2011-07-12T00:00:00Z,,,8.08,8.0,2018-01-21T00:00:00Z
674,tt0330373,movie,Harry Potter and the Goblet of Fire,2005-11-16T00:00:00Z,,,7.801,9.0,2018-01-12T00:00:00Z
767,tt0417741,movie,Harry Potter and the Half-Blood Prince,2009-07-15T00:00:00Z,,,7.681,6.0,2018-01-16T00:00:00Z
675,tt0373889,movie,Harry Potter and the Order of the Phoenix,2007-07-08T00:00:00Z,,,7.672,7.0,2018-01-13T00:00:00Z
671,tt0241527,movie,Harry Potter and the Philosopher's Stone,2001-11-16T00:00:00Z,,,7.899,9.0,2017-12-22T00:00:00Z
673,tt0304141,movie,Harry Potter and the Prisoner of Azkaban,2004-05-31T00:00:00Z,,,8.008,7.0,2018-01-06T00:00:00Z
470333,tt7158430,movie,Hearts Beat Loud,2018-06-08T00:00:00Z,,,6.85,7.0,2018-04-29T00:00:00Z
4539,tt0102015,movie,Hearts of Darkness: A Filmmaker's Apocalypse,1991-11-27T00:00:00Z,,,7.918,8.0,2024-06-14T00:00:00Z
949,tt0113277,movie,Heat,1995-12-15T00:00:00Z,,,7.927,6.0,2018-01-04T00:00:00Z
1487,tt0167190,movie,Hellboy,2004-04-02T00:00:00Z,,,6.677,6.0,2024-01-28T00:00:00Z
152601,tt1798709,movie,Her,2013-12-18T00:00:00Z,,,7.841,9.0,2015-09-25T00:00:00Z
360784,tt2131532,movie,Hidden,2015-09-15T00:00:00Z,,,6.894,9.0,2019-09-16T00:00:00Z
3085,tt0032599,movie,His Girl Friday,1940-01-18T00:00:00Z,,,7.423,5.0,2025-07-14T00:00:00Z
103328,tt2076220,movie,Holy Motors,2012-07-02T00:00:00Z,,,6.987,6.0,2022-08-31T00:00:00Z
771,tt0099785,movie,Home Alone,1990-11-16T00:00:00Z,,,7.46,3.0,2023-12-26T00:00:00Z
932086,tt17505010,movie,Horizon: An American Saga - Chapter 1,2024-06-26T00:00:00Z,,,6.833,7.0,2024-06-30T00:00:00Z
4638,tt0425112,movie,Hot Fuzz,2007-02-14T00:00:00Z,,,7.562,8.0,2015-10-14T00:00:00Z
6418,tt1094249,movie,Hotel Chevalier,2007-10-26T00:00:00Z,,,6.895,8.0,2020-02-03T00:00:00Z
205,tt0395169,movie,Hotel Rwanda,2004-12-22T00:00:00Z,,,7.715,9.0,2016-09-29T00:00:00Z
10191,tt0892769,movie,How to Train Your Dragon,2010-03-18T00:00:00Z,,,7.855,6.0,2016-05-26T00:00:00Z
371645,tt4698684,movie,Hunt for the Wilderpeople,2016-01-22T00:00:00Z,,,7.65,7.0,2020-02-20T00:00:00Z
451877,tt6169694,movie,I Think We're Alone Now,2018-09-14T00:00:00Z,,,5.785,8.0,2018-09-26T00:00:00Z
414190,tt3171832,movie,iBoy,2017-01-27T00:00:00Z,,,5.949,6.0,2017-03-16T00:00:00Z
432976,tt6333060,movie,Icarus,2017-06-03T00:00:00Z,,,7.657,8.0,2018-01-03T00:00:00Z
425,tt0268380,movie,Ice Age,2002-03-14T00:00:00Z,,,7.368,7.0,2016-09-29T00:00:00Z
8355,tt1080016,movie,Ice Age: Dawn of the Dinosaurs,2009-06-26T00:00:00Z,,,6.761,6.0,2016-09-29T00:00:00Z
950,tt0438097,movie,Ice Age: The Meltdown,2006-03-29T00:00:00Z,,,6.716,6.0,2017-01-03T00:00:00Z
209274,tt2718492,movie,Ida,2013-10-25T00:00:00Z,,,7.235,9.0,2015-09-17T00:00:00Z
429,tt0060196,movie,"Il buono, il brutto, il cattivo",1966-12-23T00:00:00Z,,,8.468,9.0,2019-07-20T00:00:00Z
49046,tt1016150,movie,Im Westen nichts Neues,2022-10-07T00:00:00Z,,,7.722,8.0,2023-08-03T00:00:00Z
44992,tt1433813,movie,IMAX Hubble,2010-03-19T00:00:00Z,,,7.081,7.0,2016-10-15T00:00:00Z
8321,tt0780536,movie,In Bruges,2008-02-08T00:00:00Z,,,7.496,8.0,2016-03-13T00:00:00Z
14585,tt0119361,movie,In the Company of Men,1997-03-28T00:00:00Z,,,6.732,5.0,2016-09-07T00:00:00Z
467909,tt1321510,movie,In the Heights,2021-06-10T00:00:00Z,,,7.117,4.0,2022-08-22T00:00:00Z
9386,tt0107206,movie,In the Line of Fire,1993-07-08T00:00:00Z,,,6.964,6.0,2023-08-10T00:00:00Z
46738,tt1255953,movie,Incendies,2010-09-17T00:00:00Z,,,8.106,9.0,2021-07-02T00:00:00Z
27205,tt1375666,movie,Inception,2010-07-15T00:00:00Z,,,8.37,9.0,2023-07-25T00:00:00Z
260513,tt3606756,movie,Incredibles 2,2018-06-14T00:00:00Z,,,7.453,8.0,2018-06-19T00:00:00Z
87,tt0087469,movie,Indiana Jones and the Temple of Doom,1984-05-23T00:00:00Z,,,7.304,7.0,2016-09-29T00:00:00Z
16869,tt0361748,movie,Inglourious Basterds,2009-08-02T00:00:00Z,,,8.215,9.0,2015-07-26T00:00:00Z
411741,tt5962210,movie,Ingrid Goes West,2017-08-11T00:00:00Z,,,6.399,6.0,2019-10-20T00:00:00Z
150540,tt2096673,movie,Inside Out,2015-06-17T00:00:00Z,,,7.91,5.0,2015-07-01T00:00:00Z
11049,tt0368667,movie,Interstella 5555: The 5tory of the 5ecret 5tar 5ystem,2003-05-28T00:00:00Z,,,7.794,8.0,2023-06-11T00:00:00Z
157336,tt0816692,movie,Interstellar,2014-11-05T00:00:00Z,,,8.467,10.0,2014-12-29T00:00:00Z
360029,tt4846318,movie,Into the Inferno,2016-09-07T00:00:00Z,,,6.98,7.0,2024-10-02T00:00:00Z
5915,tt0758758,movie,Into the Wild,2007-09-21T00:00:00Z,,,7.8,7.0,2021-02-08T00:00:00Z
77338,tt1675434,movie,Intouchables,2011-11-02T00:00:00Z,,,8.269,8.0,2018-07-21T00:00:00Z
41110,tt1226236,movie,Io sono l'amore,2010-03-19T00:00:00Z,,,6.741,4.0,2023-11-19T00:00:00Z
399174,tt5104604,movie,Isle of Dogs,2018-03-23T00:00:00Z,,,7.844,9.0,2018-04-10T00:00:00Z
3078,tt0025316,movie,It Happened One Night,1934-02-22T00:00:00Z,,,7.817,8.0,2021-02-09T00:00:00Z
1585,tt0038650,movie,It's a Wonderful Life,1946-12-20T00:00:00Z,,,8.276,6.0,2016-09-29T00:00:00Z
103663,tt2106476,movie,Jagten,2012-10-25T00:00:00Z,,,8.097,7.0,2016-08-24T00:00:00Z
25,tt0418763,movie,Jarhead,2005-11-04T00:00:00Z,,,6.675,9.0,2017-01-02T00:00:00Z
578,tt0073195,movie,Jaws,1975-06-20T00:00:00Z,,,7.679,7.0,2019-11-09T00:00:00Z
820,tt0102138,movie,JFK,1991-12-20T00:00:00Z,,,7.602,7.0,2016-09-29T00:00:00Z
191720,tt1935156,movie,Jodorowsky's Dune,2013-08-30T00:00:00Z,,,7.832,7.0,2023-08-05T00:00:00Z
245891,tt2911666,movie,John Wick,2014-10-22T00:00:00Z,,,7.454,7.0,2018-01-14T00:00:00Z
324552,tt4425200,movie,John Wick: Chapter 2,2017-02-08T00:00:00Z,,,7.337,7.0,2018-01-14T00:00:00Z
458156,tt6146586,movie,John Wick: Chapter 3 - Parabellum,2019-05-15T00:00:00Z,,,7.441,2.0,2023-08-02T00:00:00Z
515001,tt2584384,movie,Jojo Rabbit,2019-10-18T00:00:00Z,,,7.993,8.0,2019-11-01T00:00:00Z
475557,tt7286456,movie,Joker,2019-10-01T00:00:00Z,,,8.128,10.0,2019-10-06T00:00:00Z
7326,tt0467406,movie,Juno,2007-12-05T00:00:00Z,,,7.055,7.0,2024-12-31T00:00:00Z
329,tt0107290,movie,Jurassic Park,1993-06-11T00:00:00Z,,,7.965,6.0,2016-11-04T00:00:00Z
464112,tt7527030,movie,Kapture: Fluke,2017-08-03T00:00:00Z,,,6.039,6.0,2019-09-29T00:00:00Z
23483,tt1250777,movie,Kick-Ass,2010-03-26T00:00:00Z,,,7.122,6.0,2016-11-08T00:00:00Z
24,tt0266697,movie,Kill Bill: Vol. 1,2003-10-10T00:00:00Z,,,7.971,10.0,2015-10-28T00:00:00Z
393,tt0378194,movie,Kill Bill: Vol. 2,2004-04-16T00:00:00Z,,,7.876,8.0,2016-09-29T00:00:00Z
466420,tt5537002,movie,Killers of the Flower Moon,2023-10-18T00:00:00Z,,,7.406,8.0,2023-11-07T00:00:00Z
1029955,tt22408160,movie,Kinds of Kindness,2024-05-30T00:00:00Z,,,6.502,8.0,2024-07-07T00:00:00Z
207703,tt2802144,movie,Kingsman: The Secret Service,2015-01-24T00:00:00Z,,,7.62,6.0,2015-08-02T00:00:00Z
546554,tt8946378,movie,Knives Out,2019-11-27T00:00:00Z,,,7.842,9.0,2019-12-15T00:00:00Z
13811,tt0448011,movie,Knowing,2009-03-19T00:00:00Z,,,6.24,7.0,2016-09-29T00:00:00Z
251516,tt3472226,movie,Kung Fury,2015-05-22T00:00:00Z,,,7.473,6.0,2018-04-15T00:00:00Z
2118,tt0119488,movie,L.A. Confidential,1997-09-19T00:00:00Z,,,7.802,8.0,2015-10-26T00:00:00Z
777,tt0028950,movie,La Grande Illusion,1937-06-04T00:00:00Z,,,7.865,8.0,2016-09-29T00:00:00Z
313369,tt3783958,movie,La La Land,2016-12-01T00:00:00Z,,,7.899,9.0,2024-09-12T00:00:00Z
780,tt0019254,movie,La Passion de Jeanne d'Arc,1928-04-21T00:00:00Z,,,7.981,4.0,2016-09-29T00:00:00Z
16306,tt0070544,movie,La Planète sauvage,1973-12-01T00:00:00Z,,,7.634,8.0,2024-06-11T00:00:00Z
637,tt0118799,movie,La vita è bella,1997-12-20T00:00:00Z,,,8.44,8.0,2018-12-03T00:00:00Z
13597,tt0091369,movie,Labyrinth,1986-06-27T00:00:00Z,,,7.28,6.0,2025-12-03T00:00:00Z
5156,tt0040522,movie,Ladri di biciclette,1948-07-21T00:00:00Z,,,8.174,8.0,2016-09-29T00:00:00Z
391713,tt4925292,movie,Lady Bird,2017-09-01T00:00:00Z,,,7.253,6.0,2018-01-15T00:00:00Z
576845,tt9639470,movie,Last Night in Soho,2021-10-21T00:00:00Z,,,7.281,5.0,2023-08-02T00:00:00Z
947,tt0056172,movie,Lawrence of Arabia,1962-12-11T00:00:00Z,,,7.995,8.0,2016-09-29T00:00:00Z
4836,tt0375912,movie,Layer Cake,2004-09-30T00:00:00Z,,,6.911,7.0,2025-09-14T00:00:00Z
279096,tt3864024,movie,Lazer Team,2016-01-27T00:00:00Z,,,5.481,4.0,2016-03-01T00:00:00Z
18,tt0119116,movie,Le Cinquième Élément,1997-05-02T00:00:00Z,,,7.563,9.0,2024-11-18T00:00:00Z
194,tt0211915,movie,Le Fabuleux Destin d'Amélie Poulain,2001-04-25T00:00:00Z,,,7.916,8.0,2019-10-27T00:00:00Z
204,tt0046268,movie,Le Salaire de la peur,1953-04-22T00:00:00Z,,,8.005,8.0,2016-11-05T00:00:00Z
101,tt0110413,movie,Léon,1994-09-14T00:00:00Z,,,8.295,9.0,2015-05-13T00:00:00Z
147,tt0053198,movie,Les Quatre Cents Coups,1959-06-03T00:00:00Z,,,8.016,5.0,2016-05-12T00:00:00Z
1427535,tt6290024,movie,Let's Play - Uno : The Movie,2016-12-01T00:00:00Z,,,8.0,8.0,2017-01-01T00:00:00Z
583,tt0079470,movie,Life of Brian,1979-08-17T00:00:00Z,,,7.755,6.0,2021-11-29T00:00:00Z
87827,tt0454876,movie,Life of Pi,2012-11-20T00:00:00Z,,,7.406,5.0,2016-10-03T00:00:00Z
72976,tt0443272,movie,Lincoln,2012-11-09T00:00:00Z,,,6.853,6.0,2016-09-29T00:00:00Z
91018,tt2130114,movie,Linotype: The Film,2012-02-03T00:00:00Z,,,6.536,4.0,2025-09-12T00:00:00Z
334543,tt3741834,movie,Lion,2016-11-24T00:00:00Z,,,8.041,8.0,2017-02-02T00:00:00Z
331482,tt3281548,movie,Little Women,2019-12-25T00:00:00Z,,,7.857,8.0,2020-01-10T00:00:00Z
9071,tt0113677,movie,Living in Oblivion,1995-07-21T00:00:00Z,,,7.175,6.0,2016-02-26T00:00:00Z
100,tt0120735,movie,"Lock, Stock and Two Smoking Barrels",1998-08-28T00:00:00Z,,,8.098,4.0,2020-05-26T00:00:00Z
263115,tt3315342,movie,Logan,2017-02-28T00:00:00Z,,,7.818,7.0,2020-12-03T00:00:00Z
25890,tt0433116,movie,Looking for Comedy in the Muslim World,2006-01-20T00:00:00Z,,,4.844,2.0,2015-12-14T00:00:00Z
59967,tt1276104,movie,Looper,2012-09-26T00:00:00Z,,,6.9,8.0,2017-12-29T00:00:00Z
339419,tt4669986,movie,Loving,2016-11-04T00:00:00Z,,,6.699,8.0,2017-04-22T00:00:00Z
832,tt0022100,movie,M - Eine Stadt sucht einen Mörder,1931-05-11T00:00:00Z,,,8.063,7.0,2015-08-31T00:00:00Z
225728,tt2884018,movie,Macbeth,2015-09-22T00:00:00Z,,,6.449,6.0,2018-07-21T00:00:00Z
76341,tt1392190,movie,Mad Max: Fury Road,2015-05-13T00:00:00Z,,,7.629,8.0,2015-05-18T00:00:00Z
953,tt0351283,movie,Madagascar,2005-05-25T00:00:00Z,,,6.921,6.0,2016-09-29T00:00:00Z
10527,tt0479952,movie,Madagascar: Escape 2 Africa,2008-10-30T00:00:00Z,,,6.523,5.0,2016-09-29T00:00:00Z
334,tt0175880,movie,Magnolia,1999-12-17T00:00:00Z,,,7.731,8.0,2015-11-15T00:00:00Z
334541,tt4034228,movie,Manchester by the Sea,2016-11-17T00:00:00Z,,,7.551,6.0,2016-12-31T00:00:00Z
460885,tt6998518,movie,Mandy,2018-09-13T00:00:00Z,,,6.205,5.0,2018-09-17T00:00:00Z
254905,tt2893490,movie,Manglehorn,2015-06-03T00:00:00Z,,,5.41,6.0,2016-11-13T00:00:00Z
103620,tt2103217,movie,Maniac,2012-12-26T00:00:00Z,,,6.033,8.0,2017-04-23T00:00:00Z
614560,tt10618286,movie,Mank,2020-11-13T00:00:00Z,,,6.675,6.0,2021-03-20T00:00:00Z
1317288,tt32916440,movie,Marty Supreme,2025-12-19T00:00:00Z,,,7.557,6.0,2026-01-01T00:00:00Z
24238,tt0978762,movie,Mary and Max,2009-04-09T00:00:00Z,,,7.871,6.0,2021-03-19T00:00:00Z
29005,tt0067411,movie,McCabe & Mrs. Miller,1971-06-24T00:00:00Z,,,7.167,8.0,2019-10-25T00:00:00Z
308369,tt2582496,movie,Me and Earl and the Dying Girl,2015-06-12T00:00:00Z,,,7.531,7.0,2015-12-07T00:00:00Z
10625,tt0377092,movie,Mean Girls,2004-04-30T00:00:00Z,,,7.222,6.0,2021-04-06T00:00:00Z
42612,tt0064652,movie,Medium Cool,1969-08-27T00:00:00Z,,,6.652,5.0,2025-07-17T00:00:00Z
62215,tt1527186,movie,Melancholia,2011-05-26T00:00:00Z,,,7.159,5.0,2017-01-04T00:00:00Z
77,tt0209144,movie,Memento,2000-10-11T00:00:00Z,,,8.176,10.0,2015-07-26T00:00:00Z
607,tt0119654,movie,Men in Black,1997-07-02T00:00:00Z,,,7.216,7.0,2016-09-29T00:00:00Z
608,tt0120912,movie,Men in Black II,2002-07-03T00:00:00Z,,,6.383,6.0,2016-09-29T00:00:00Z
19,tt0017136,movie,Metropolis,1927-01-10T00:00:00Z,,,8.096,8.0,2017-12-19T00:00:00Z
696506,tt12299608,movie,Mickey 17,2025-02-28T00:00:00Z,,,6.827,6.0,2025-03-08T00:00:00Z
530385,tt8772262,movie,Midsommar,2019-07-03T00:00:00Z,,,7.153,4.0,2019-07-08T00:00:00Z
379,tt0100150,movie,Miller's Crossing,1990-09-21T00:00:00Z,,,7.45,7.0,2016-09-29T00:00:00Z
10510,tt0110527,movie,Miracle on 34th Street,1994-11-18T00:00:00Z,,,6.753,6.0,2020-12-26T00:00:00Z
575264,tt9603212,movie,Mission: Impossible - Dead Reckoning Part One,2023-07-08T00:00:00Z,,,7.507,6.0,2023-07-14T00:00:00Z
353081,tt4912910,movie,Mission: Impossible - Fallout,2018-07-25T00:00:00Z,,,7.447,8.0,2018-08-28T00:00:00Z
177677,tt2381249,movie,Mission: Impossible - Rogue Nation,2015-07-28T00:00:00Z,,,7.221,4.0,2016-05-28T00:00:00Z
575265,tt9603208,movie,Mission: Impossible - The Final Reckoning,2025-05-17T00:00:00Z,,,7.189,8.0,2025-05-23T00:00:00Z
3082,tt0027977,movie,Modern Times,1936-02-05T00:00:00Z,,,8.283,7.0,2018-09-02T00:00:00Z
585,tt0198781,movie,"Monsters, Inc.",2001-11-01T00:00:00Z,,,7.846,8.0,2016-09-29T00:00:00Z
762,tt0071853,movie,Monty Python and the Holy Grail,1975-04-03T00:00:00Z,,,7.802,8.0,2019-08-06T00:00:00Z
17431,tt1182345,movie,Moon,2009-06-12T00:00:00Z,,,7.566,8.0,2023-10-26T00:00:00Z
957457,tt9883832,movie,Moonage Daydream,2022-09-15T00:00:00Z,,,7.523,5.0,2025-06-21T00:00:00Z
376867,tt4975722,movie,Moonlight,2016-10-21T00:00:00Z,,,7.359,4.0,2017-01-19T00:00:00Z
83666,tt1748122,movie,Moonrise Kingdom,2012-05-16T00:00:00Z,,,7.676,10.0,2015-10-09T00:00:00Z
381283,tt5109784,movie,mother!,2017-09-13T00:00:00Z,,,6.962,4.0,2022-07-27T00:00:00Z
824,tt0203009,movie,Moulin Rouge!,2001-05-18T00:00:00Z,,,7.537,9.0,2025-05-25T00:00:00Z
31011,tt0485947,movie,Mr. Nobody,2009-11-06T00:00:00Z,,,7.797,8.0,2017-03-09T00:00:00Z
3083,tt0031679,movie,Mr. Smith Goes to Washington,1939-10-19T00:00:00Z,,,7.832,9.0,2020-05-25T00:00:00Z
1018,tt0166924,movie,Mulholland Drive,2001-06-06T00:00:00Z,,,7.801,7.0,2018-12-15T00:00:00Z
259328,tt0097934,movie,Mutant on the Bounty,1989-08-18T00:00:00Z,,,2.333,2.0,2016-02-18T00:00:00Z
10377,tt0104952,movie,My Cousin Vinny,1992-03-13T00:00:00Z,,,7.504,7.0,2020-02-06T00:00:00Z
38087,tt1237838,movie,Mystery Team,2009-08-28T00:00:00Z,,,6.151,6.0,2018-05-21T00:00:00Z
753342,tt13287846,movie,Napoleon,2023-11-22T00:00:00Z,,,6.307,5.0,2023-12-12T00:00:00Z
8193,tt0374900,movie,Napoleon Dynamite,2004-06-11T00:00:00Z,,,6.779,8.0,2019-11-03T00:00:00Z
5825,tt0097958,movie,National Lampoon's Christmas Vacation,1989-11-30T00:00:00Z,,,7.232,6.0,2018-02-13T00:00:00Z
2059,tt0368891,movie,National Treasure,2004-11-19T00:00:00Z,,,6.648,8.0,2016-09-29T00:00:00Z
241,tt0110632,movie,Natural Born Killers,1994-08-26T00:00:00Z,,,7.052,5.0,2016-09-03T00:00:00Z
42188,tt1334260,movie,Never Let Me Go,2010-03-18T00:00:00Z,,,6.845,7.0,2016-08-27T00:00:00Z
69165,tt0082806,movie,New Year's Evil,1980-12-26T00:00:00Z,,,4.859,6.0,2018-01-16T00:00:00Z
1028196,tt23055660,movie,Nickel Boys,2024-12-13T00:00:00Z,,,6.589,4.0,2025-01-30T00:00:00Z
242582,tt2872718,movie,Nightcrawler,2014-10-23T00:00:00Z,,,7.709,10.0,2014-11-05T00:00:00Z
6977,tt0477348,movie,No Country for Old Men,2007-11-09T00:00:00Z,,,7.946,9.0,2016-09-29T00:00:00Z
370172,tt2382320,movie,No Time to Die,2021-09-29T00:00:00Z,,,7.347,8.0,2021-10-14T00:00:00Z
340666,tt4550098,movie,Nocturnal Animals,2016-11-04T00:00:00Z,,,7.413,9.0,2018-02-07T00:00:00Z
581734,tt9770150,movie,Nomadland,2021-01-29T00:00:00Z,,,7.177,4.0,2025-04-19T00:00:00Z
213,tt0053125,movie,North by Northwest,1959-08-06T00:00:00Z,,,7.965,5.0,2016-09-29T00:00:00Z
11502,tt0056291,movie,Nóż w wodzie,1962-03-09T00:00:00Z,,,7.285,7.0,2016-03-01T00:00:00Z
11216,tt0095765,movie,Nuovo Cinema Paradiso,1988-11-17T00:00:00Z,,,8.424,9.0,2018-02-04T00:00:00Z
134,tt0190590,movie,"O Brother, Where Art Thou?",2000-08-30T00:00:00Z,,,7.322,8.0,2016-03-04T00:00:00Z
1542,tt0151804,movie,Office Space,1999-02-19T00:00:00Z,,,7.373,8.0,2016-09-29T00:00:00Z
387426,tt3967856,movie,Okja,2017-06-28T00:00:00Z,,,7.338,7.0,2021-01-18T00:00:00Z
117263,tt2302755,movie,Olympus Has Fallen,2013-03-20T00:00:00Z,,,6.413,6.0,2016-10-13T00:00:00Z
654,tt0047296,movie,On the Waterfront,1954-06-22T00:00:00Z,,,7.875,7.0,2020-04-25T00:00:00Z
466272,tt7131622,movie,Once Upon a Time... in Hollywood,2019-07-24T00:00:00Z,,,7.423,8.0,2019-07-26T00:00:00Z
527,tt0110729,movie,Once Were Warriors,1994-09-02T00:00:00Z,,,7.36,8.0,2023-07-10T00:00:00Z
510,tt0073486,movie,One Flew Over the Cuckoo's Nest,1975-11-19T00:00:00Z,,,8.412,4.0,2016-01-16T00:00:00Z
762841,tt10619638,movie,One More Orbit,2020-11-18T00:00:00Z,,,8.0,6.0,2020-12-17T00:00:00Z
19446,tt0475994,movie,One Six Right,2005-08-12T00:00:00Z,,,8.0,7.0,2024-01-13T00:00:00Z
8439,tt0340468,movie,Ônibus 174,2002-10-22T00:00:00Z,,,7.311,3.0,2016-05-18T00:00:00Z
77987,tt1602613,movie,Only God Forgives,2013-05-30T00:00:00Z,,,5.824,5.0,2016-05-13T00:00:00Z
493551,tt5208252,movie,Operation Finale,2018-08-29T00:00:00Z,,,6.69,7.0,2018-09-10T00:00:00Z
872585,tt15398776,movie,Oppenheimer,2023-07-19T00:00:00Z,,,8.034,9.0,2023-07-22T00:00:00Z
587792,tt9484998,movie,Palm Springs,2020-07-10T00:00:00Z,,,7.333,9.0,2021-01-15T00:00:00Z
4547,tt0258000,movie,Panic Room,2002-03-29T00:00:00Z,,,6.792,8.0,2018-09-04T00:00:00Z
655,tt0087884,movie,"Paris, Texas",1984-07-16T00:00:00Z,,,8.095,4.0,2023-08-02T00:00:00Z
975,tt0050825,movie,Paths of Glory,1957-10-25T00:00:00Z,,,8.257,8.0,2020-02-22T00:00:00Z
256961,tt3450650,movie,Paul Blart: Mall Cop 2,2015-04-16T00:00:00Z,,,5.181,4.0,2025-04-26T00:00:00Z
561325,tt6964076,movie,Pavarotti,2019-06-04T00:00:00Z,,,7.272,7.0,2019-06-29T00:00:00Z
308027,tt4104022,movie,"People, Places, Things",2015-08-14T00:00:00Z,,,6.55,7.0,2015-10-25T00:00:00Z
938,tt0059578,movie,Per qualche dollaro in più,1965-12-18T00:00:00Z,,,8.015,9.0,2017-12-28T00:00:00Z
491766,tt6854248,movie,Perfect Bid: The Contestant Who Knew Too Much,2017-10-13T00:00:00Z,,,6.507,6.0,2019-05-12T00:00:00Z
10494,tt0156887,movie,PERFECT BLUE,1998-02-28T00:00:00Z,,,8.3,9.0,2023-07-29T00:00:00Z
797,tt0060827,movie,Persona,1966-10-18T00:00:00Z,,,8.141,5.0,2023-08-20T00:00:00Z
9800,tt0107818,movie,Philadelphia,1993-12-22T00:00:00Z,,,7.714,7.0,2016-09-29T00:00:00Z
503257,tt5644050,movie,Pick of the Litter,2019-01-10T00:00:00Z,,,7.378,8.0,2021-03-21T00:00:00Z
475723,tt6091088,movie,Pigeonhearts,2017-02-10T00:00:00Z,,,5.667,8.0,2018-02-17T00:00:00Z
399106,tt5613056,movie,Piper,2016-06-16T00:00:00Z,,,8.151,9.0,2021-01-05T00:00:00Z
285,tt0449088,movie,Pirates of the Caribbean: At World's End,2007-05-19T00:00:00Z,,,7.267,8.0,2016-09-29T00:00:00Z
58,tt0383574,movie,Pirates of the Caribbean: Dead Man's Chest,2006-07-06T00:00:00Z,,,7.374,9.0,2016-09-29T00:00:00Z
1865,tt1298650,movie,Pirates of the Caribbean: On Stranger Tides,2011-05-15T00:00:00Z,,,6.565,6.0,2016-09-29T00:00:00Z
22,tt0325980,movie,Pirates of the Caribbean: The Curse of the Black Pearl,2003-07-09T00:00:00Z,,,7.819,10.0,2016-09-29T00:00:00Z
792,tt0091763,movie,Platoon,1986-12-19T00:00:00Z,,,7.743,8.0,2021-08-30T00:00:00Z
10227,tt0062136,movie,PlayTime,1967-12-13T00:00:00Z,,,7.728,10.0,2024-05-30T00:00:00Z
1172676,tt28912885,movie,Poison,2023-09-29T00:00:00Z,,,6.857,7.0,2024-10-03T00:00:00Z
792307,tt14230458,movie,Poor Things,2023-12-07T00:00:00Z,,,7.656,9.0,2023-12-23T00:00:00Z
5055,tt0052080,movie,Popiół i diament,1958-10-03T00:00:00Z,,,7.395,6.0,2017-09-21T00:00:00Z
341012,tt3960412,movie,Popstar: Never Stop Never Stopping,2016-06-03T00:00:00Z,,,6.595,6.0,2016-08-28T00:00:00Z
531428,tt8613070,movie,Portrait de la jeune fille en feu,2019-09-06T00:00:00Z,,,8.109,7.0,2021-11-24T00:00:00Z
9543,tt0473075,movie,Prince of Persia: The Sands of Time,2010-05-19T00:00:00Z,,,6.296,6.0,2021-12-14T00:00:00Z
146233,tt1392214,movie,Prisoners,2013-09-19T00:00:00Z,,,8.102,8.0,2017-01-01T00:00:00Z
539,tt0054215,movie,Psycho,1960-06-22T00:00:00Z,,,8.417,8.0,2019-06-14T00:00:00Z
680,tt0110912,movie,Pulp Fiction,1994-09-10T00:00:00Z,,,8.486,9.0,2015-10-28T00:00:00Z
8051,tt0272338,movie,Punch-Drunk Love,2002-10-11T00:00:00Z,,,7.101,6.0,2020-02-07T00:00:00Z
10764,tt0830515,movie,Quantum of Solace,2008-10-29T00:00:00Z,,,6.334,7.0,2015-11-04T00:00:00Z
1578,tt0081398,movie,Raging Bull,1980-11-14T00:00:00Z,,,7.909,5.0,2017-12-18T00:00:00Z
85,tt0082971,movie,Raiders of the Lost Ark,1981-06-12T00:00:00Z,,,7.921,6.0,2016-09-29T00:00:00Z
378,tt0093822,movie,Raising Arizona,1987-03-13T00:00:00Z,,,7.05,7.0,2026-01-05T00:00:00Z
461955,tt6990734,movie,Rakka,2017-06-14T00:00:00Z,,,7.006,8.0,2019-09-29T00:00:00Z
9896,tt0250687,movie,Rat Race,2001-08-17T00:00:00Z,,,6.283,6.0,2018-03-20T00:00:00Z
2062,tt0382932,movie,Ratatouille,2007-06-28T00:00:00Z,,,7.836,9.0,2021-01-05T00:00:00Z
567,tt0047396,movie,Rear Window,1954-08-01T00:00:00Z,,,8.343,7.0,2017-03-27T00:00:00Z
1880,tt0087985,movie,Red Dawn,1984-08-10T00:00:00Z,,,6.307,6.0,2023-07-06T00:00:00Z
641,tt0180093,movie,Requiem for a Dream,2000-10-06T00:00:00Z,,,8.011,3.0,2022-07-27T00:00:00Z
500,tt0105236,movie,Reservoir Dogs,1992-09-02T00:00:00Z,,,8.117,9.0,2016-09-28T00:00:00Z
1892,tt0086190,movie,Return of the Jedi,1983-05-25T00:00:00Z,,,7.904,8.0,2020-03-30T00:00:00Z
4147,tt0257044,movie,Road to Perdition,2002-07-12T00:00:00Z,,,7.344,8.0,2018-12-04T00:00:00Z
128826,tt0088008,movie,Roadhouse 66,1984-08-31T00:00:00Z,,,5.095,4.0,2018-01-16T00:00:00Z
1366,tt0075148,movie,Rocky,1976-12-03T00:00:00Z,,,7.795,7.0,2019-02-28T00:00:00Z
330459,tt3748528,movie,Rogue One: A Star Wars Story,2016-12-14T00:00:00Z,,,7.504,9.0,2016-12-20T00:00:00Z
426426,tt6155172,movie,Roma,2018-11-21T00:00:00Z,,,7.623,4.0,2019-01-29T00:00:00Z
264644,tt3170832,movie,Room,2015-10-16T00:00:00Z,,,7.997,9.0,2016-01-18T00:00:00Z
1580,tt0040746,movie,Rope,1948-02-01T00:00:00Z,,,7.935,7.0,2016-09-29T00:00:00Z
10479,tt0160797,movie,Rules of Engagement,2000-04-07T00:00:00Z,,,6.249,6.0,2023-12-04T00:00:00Z
96721,tt1979320,movie,Rush,2013-09-02T00:00:00Z,,,7.731,9.0,2019-05-09T00:00:00Z
11545,tt0128445,movie,Rushmore,1998-12-11T00:00:00Z,,,7.391,7.0,2016-04-28T00:00:00Z
857,tt0120815,movie,Saving Private Ryan,1998-07-24T00:00:00Z,,,8.221,8.0,2016-09-29T00:00:00Z
111,tt0086250,movie,Scarface,1983-12-09T00:00:00Z,,,8.155,8.0,2018-07-29T00:00:00Z
4257,tt0362120,movie,Scary Movie 4,2006-04-12T00:00:00Z,,,5.486,4.0,2018-04-11T00:00:00Z
424,tt0108052,movie,Schindler's List,1993-12-15T00:00:00Z,,,8.566,9.0,2017-04-12T00:00:00Z
1584,tt0332379,movie,School of Rock,2003-10-03T00:00:00Z,,,7.083,7.0,2016-09-29T00:00:00Z
22538,tt0446029,movie,Scott Pilgrim vs. the World,2010-08-12T00:00:00Z,,,7.485,10.0,2016-11-09T00:00:00Z
807,tt0114369,movie,Se7en,1995-09-22T00:00:00Z,,,8.379,9.0,2025-11-29T00:00:00Z
94329,tt1899353,movie,Serbuan Maut,2012-03-22T00:00:00Z,,,7.4,7.0,2023-06-10T00:00:00Z
9400,tt0117603,movie,Set It Off,1996-11-06T00:00:00Z,,,7.189,6.0,2016-09-01T00:00:00Z
86838,tt1931533,movie,Seven Psychopaths,2012-10-12T00:00:00Z,,,6.821,8.0,2023-10-24T00:00:00Z
76025,tt1723811,movie,Shame,2011-10-02T00:00:00Z,,,6.928,6.0,2020-04-30T00:00:00Z
747,tt0365748,movie,Shaun of the Dead,2004-04-09T00:00:00Z,,,7.539,7.0,2016-09-29T00:00:00Z
808,tt0126029,movie,Shrek,2001-05-18T00:00:00Z,,,7.756,7.0,2017-01-03T00:00:00Z
809,tt0298148,movie,Shrek 2,2004-05-19T00:00:00Z,,,7.307,7.0,2016-09-29T00:00:00Z
11324,tt1130884,movie,Shutter Island,2010-02-14T00:00:00Z,,,8.2,9.0,2016-09-29T00:00:00Z
273481,tt3397884,movie,Sicario,2015-09-17T00:00:00Z,,,7.416,8.0,2025-07-18T00:00:00Z
68730,tt0490215,movie,Silence,2016-12-23T00:00:00Z,,,7.121,7.0,2018-06-16T00:00:00Z
811,tt0067756,movie,Silent Running,1972-03-09T00:00:00Z,,,6.393,6.0,2024-06-12T00:00:00Z
187,tt0401792,movie,Sin City,2005-04-01T00:00:00Z,,,7.463,8.0,2016-05-12T00:00:00Z
872,tt0045152,movie,Singin' in the Rain,1952-04-10T00:00:00Z,,,8.139,7.0,2016-09-29T00:00:00Z
1233413,tt31193180,movie,Sinners,2025-04-16T00:00:00Z,,,7.49,8.0,2025-04-24T00:00:00Z
37724,tt1074638,movie,Skyfall,2012-10-24T00:00:00Z,,,7.257,7.0,2015-11-05T00:00:00Z
12405,tt1010048,movie,Slumdog Millionaire,2008-11-12T00:00:00Z,,,7.728,7.0,2017-02-19T00:00:00Z
614,tt0050986,movie,Smultronstället,1957-08-28T00:00:00Z,,,8.087,8.0,2020-04-19T00:00:00Z
107,tt0208092,movie,Snatch,2000-09-01T00:00:00Z,,,7.816,8.0,2019-08-09T00:00:00Z
11888,tt0281373,movie,Snow Dogs,2002-01-18T00:00:00Z,,,5.622,4.0,2018-03-27T00:00:00Z
348350,tt3778644,movie,Solo: A Star Wars Story,2018-05-15T00:00:00Z,,,6.557,6.0,2020-01-21T00:00:00Z
239,tt0053291,movie,Some Like It Hot,1959-03-19T00:00:00Z,,,8.087,8.0,2016-09-29T00:00:00Z
424781,tt5688932,movie,Sorry to Bother You,2018-07-06T00:00:00Z,,,6.786,7.0,2018-07-14T00:00:00Z
508442,tt2948372,movie,Soul,2020-12-25T00:00:00Z,,,8.097,8.0,2021-01-02T00:00:00Z
502033,tt5363618,movie,Sound of Metal,2020-11-20T00:00:00Z,,,7.698,8.0,2023-08-07T00:00:00Z
18221,tt0290296,movie,Space Station 3D,2002-04-17T00:00:00Z,,,6.435,7.0,2016-10-15T00:00:00Z
957,tt0094012,movie,Spaceballs,1987-06-24T00:00:00Z,,,6.861,5.0,2023-08-02T00:00:00Z
206647,tt2379713,movie,Spectre,2015-10-26T00:00:00Z,,,6.568,6.0,2015-11-07T00:00:00Z
7459,tt0811080,movie,Speed Racer,2008-05-07T00:00:00Z,,,6.328,8.0,2025-09-18T00:00:00Z
569094,tt9362722,movie,Spider-Man: Across the Spider-Verse,2023-05-31T00:00:00Z,,,8.334,9.0,2023-06-12T00:00:00Z
429617,tt6320628,movie,Spider-Man: Far From Home,2019-06-28T00:00:00Z,,,7.396,6.0,2019-07-08T00:00:00Z
324857,tt4633694,movie,Spider-Man: Into the Spider-Verse,2018-12-06T00:00:00Z,,,8.393,10.0,2019-12-04T00:00:00Z
634649,tt10872600,movie,Spider-Man: No Way Home,2021-12-15T00:00:00Z,,,7.932,8.0,2024-03-03T00:00:00Z
314365,tt1895587,movie,Spotlight,2015-11-06T00:00:00Z,,,7.816,9.0,2015-12-05T00:00:00Z
11,tt0076759,movie,Star Wars,1977-05-25T00:00:00Z,,,8.201,8.0,2020-03-28T00:00:00Z
287663,tt3816564,movie,Star Wars Rebels: Spark of Rebellion,2014-10-03T00:00:00Z,,,7.306,8.0,2020-01-21T00:00:00Z
337755,tt4236890,movie,Star Wars Rebels: The Siege of Lothal,2015-04-18T00:00:00Z,,,7.875,7.0,2020-02-03T00:00:00Z
1893,tt0120915,movie,Star Wars: Episode I - The Phantom Menace,1999-05-19T00:00:00Z,,,6.57,7.0,2019-11-13T00:00:00Z
1894,tt0121765,movie,Star Wars: Episode II - Attack of the Clones,2002-05-15T00:00:00Z,,,6.588,8.0,2015-01-07T00:00:00Z
1895,tt0121766,movie,Star Wars: Episode III - Revenge of the Sith,2005-05-17T00:00:00Z,,,7.459,9.0,2015-01-07T00:00:00Z
12180,tt1185834,movie,Star Wars: The Clone Wars,2008-08-05T00:00:00Z,,,6.143,6.0,2019-11-21T00:00:00Z
140607,tt2488496,movie,Star Wars: The Force Awakens,2015-12-15T00:00:00Z,,,7.251,9.0,2015-12-19T00:00:00Z
181808,tt2527336,movie,Star Wars: The Last Jedi,2017-12-13T00:00:00Z,,,6.758,9.0,2017-12-15T00:00:00Z
181812,tt2527338,movie,Star Wars: The Rise of Skywalker,2019-12-18T00:00:00Z,,,6.274,4.0,2020-01-02T00:00:00Z
563,tt0120201,movie,Starship Troopers,1997-11-07T00:00:00Z,,,7.094,8.0,2021-12-09T00:00:00Z
321697,tt2080374,movie,Steve Jobs,2015-10-09T00:00:00Z,,,6.776,9.0,2015-10-17T00:00:00Z
1262,tt0420223,movie,Stranger Than Fiction,2006-11-10T00:00:00Z,,,7.282,5.0,2016-09-29T00:00:00Z
469,tt0088184,movie,Stranger Than Paradise,1984-10-01T00:00:00Z,,,7.146,8.0,2018-02-07T00:00:00Z
845,tt0044079,movie,Strangers on a Train,1951-06-27T00:00:00Z,,,7.666,7.0,2016-09-29T00:00:00Z
599,tt0043014,movie,Sunset Boulevard,1950-08-10T00:00:00Z,,,8.284,8.0,2020-01-18T00:00:00Z
1272,tt0448134,movie,Sunshine,2007-04-05T00:00:00Z,,,6.96,7.0,2017-08-13T00:00:00Z
347031,tt4034354,movie,Swiss Army Man,2016-06-24T00:00:00Z,,,6.925,8.0,2016-06-26T00:00:00Z
4960,tt0383028,movie,"Synecdoche, New York",2008-10-24T00:00:00Z,,,7.543,6.0,2017-11-03T00:00:00Z
231,tt0365737,movie,Syriana,2005-11-23T00:00:00Z,,,6.42,7.0,2018-01-11T00:00:00Z
817758,tt14444726,movie,TÁR,2022-09-23T00:00:00Z,,,7.102,8.0,2023-02-02T00:00:00Z
103,tt0075314,movie,Taxi Driver,1976-02-09T00:00:00Z,,,8.129,5.0,2016-09-29T00:00:00Z
47621,tt0978838,movie,Tempbot,2006-09-26T00:00:00Z,,,6.321,7.0,2025-06-10T00:00:00Z
2179,tt0365830,movie,Tenacious D in The Pick of Destiny,2006-11-22T00:00:00Z,,,6.78,6.0,2017-03-22T00:00:00Z
577922,tt6723592,movie,Tenet,2020-08-22T00:00:00Z,,,7.175,8.0,2021-03-06T00:00:00Z
280,tt0103064,movie,Terminator 2: Judgment Day,1991-07-03T00:00:00Z,,,8.139,8.0,2016-09-29T00:00:00Z
9388,tt0427944,movie,Thank You for Smoking,2005-09-09T00:00:00Z,,,7.189,8.0,2016-10-12T00:00:00Z
520370,tt8106160,movie,The American Meme,2018-12-07T00:00:00Z,,,5.722,7.0,2019-02-27T00:00:00Z
74643,tt1655442,movie,The Artist,2011-10-12T00:00:00Z,,,7.443,9.0,2016-09-29T00:00:00Z
24428,tt0848228,movie,The Avengers,2012-04-25T00:00:00Z,,,7.949,6.0,2015-07-26T00:00:00Z
537996,tt6412452,movie,The Ballad of Buster Scruggs,2018-11-09T00:00:00Z,,,7.135,7.0,2018-12-14T00:00:00Z
674324,tt11813216,movie,The Banshees of Inisherin,2022-10-20T00:00:00Z,,,7.46,9.0,2023-01-29T00:00:00Z
414906,tt1877830,movie,The Batman,2022-03-01T00:00:00Z,,,7.656,6.0,2022-03-21T00:00:00Z
887,tt0036868,movie,The Best Years of Our Lives,1946-12-25T00:00:00Z,,,7.77,9.0,2026-02-23T00:00:00Z
115,tt0118715,movie,The Big Lebowski,1998-03-06T00:00:00Z,,,7.839,4.0,2016-03-24T00:00:00Z
318846,tt1596363,movie,The Big Short,2015-12-11T00:00:00Z,,,7.358,9.0,2016-09-25T00:00:00Z
339408,tt4196450,movie,The Birth of a Nation,2016-09-09T00:00:00Z,,,6.553,6.0,2016-10-10T00:00:00Z
1120821,tt18573650,movie,The Blue Angels,2024-05-16T00:00:00Z,,,6.536,8.0,2024-05-18T00:00:00Z
525,tt0080455,movie,The Blues Brothers,1980-06-16T00:00:00Z,,,7.719,9.0,2024-09-14T00:00:00Z
20504,tt1037705,movie,The Book of Eli,2010-01-14T00:00:00Z,,,6.792,9.0,2015-10-03T00:00:00Z
995133,tt22667880,movie,"The Boy, the Mole, the Fox and the Horse",2022-12-25T00:00:00Z,,,8.207,5.0,2025-02-02T00:00:00Z
826,tt0050212,movie,The Bridge on the River Kwai,1957-10-11T00:00:00Z,,,7.82,9.0,2019-09-10T00:00:00Z
549509,tt8999762,movie,The Brutalist,2024-12-20T00:00:00Z,,,6.96,8.0,2025-01-16T00:00:00Z
330982,tt2815902,movie,The Childhood of a Leader,2016-07-22T00:00:00Z,,,6.247,9.0,2023-07-25T00:00:00Z
411,tt0363771,movie,"The Chronicles of Narnia: The Lion, the Witch and the Wardrobe",2005-12-07T00:00:00Z,,,7.135,7.0,2016-09-29T00:00:00Z
670292,tt11858890,movie,The Creator,2023-09-27T00:00:00Z,,,7.013,8.0,2023-10-21T00:00:00Z
4538,tt0838221,movie,The Darjeeling Limited,2007-09-07T00:00:00Z,,,7.151,7.0,2016-02-18T00:00:00Z
155,tt0468569,movie,The Dark Knight,2008-07-16T00:00:00Z,,,8.526,9.0,2015-10-28T00:00:00Z
49026,tt1345836,movie,The Dark Knight Rises,2012-07-17T00:00:00Z,,,7.791,8.0,2016-09-29T00:00:00Z
435,tt0319262,movie,The Day After Tomorrow,2004-05-26T00:00:00Z,,,6.55,8.0,2024-08-08T00:00:00Z
11778,tt0077416,movie,The Deer Hunter,1978-12-08T00:00:00Z,,,7.979,7.0,2016-05-11T00:00:00Z
1422,tt0407887,movie,The Departed,2006-10-04T00:00:00Z,,,8.159,8.0,2017-04-21T00:00:00Z
76493,tt1645170,movie,The Dictator,2012-05-15T00:00:00Z,,,6.223,7.0,2016-09-29T00:00:00Z
389053,tt4769836,movie,The Do-Over,2016-05-27T00:00:00Z,,,5.711,3.0,2016-05-28T00:00:00Z
33695,tt0119055,movie,The Eighteenth Angel,1997-01-01T00:00:00Z,,,5.015,6.0,2018-03-13T00:00:00Z
1955,tt0080678,movie,The Elephant Man,1980-10-09T00:00:00Z,,,8.048,8.0,2020-09-21T00:00:00Z
11688,tt0120917,movie,The Emperor's New Groove,2000-12-15T00:00:00Z,,,7.558,8.0,2023-11-07T00:00:00Z
1891,tt0080684,movie,The Empire Strikes Back,1980-05-20T00:00:00Z,,,8.392,7.0,2015-01-07T00:00:00Z
601470,tt9115530,movie,The Eyes of Tammy Faye,2021-09-17T00:00:00Z,,,6.458,8.0,2025-06-15T00:00:00Z
14784,tt0460791,movie,The Fall,2006-09-09T00:00:00Z,,,7.619,6.0,2026-01-10T00:00:00Z
746036,tt1684562,movie,The Fall Guy,2024-04-24T00:00:00Z,,,6.96,4.0,2024-05-05T00:00:00Z
9615,tt0463985,movie,The Fast and the Furious: Tokyo Drift,2006-06-03T00:00:00Z,,,6.539,8.0,2021-12-04T00:00:00Z
600354,tt10272386,movie,The Father,2020-12-23T00:00:00Z,,,8.096,7.0,2025-08-07T00:00:00Z
375262,tt5083738,movie,The Favourite,2018-11-23T00:00:00Z,,,7.496,7.0,2025-08-05T00:00:00Z
394117,tt5649144,movie,The Florida Project,2017-10-06T00:00:00Z,,,7.427,8.0,2025-07-09T00:00:00Z
542178,tt8847712,movie,"The French Dispatch of the Liberty, Kansas Evening Sun",2021-10-21T00:00:00Z,,,7.011,9.0,2025-11-29T00:00:00Z
463088,tt7455754,movie,The Game Changers,2019-09-16T00:00:00Z,,,7.296,4.0,2019-11-01T00:00:00Z
522627,tt8367814,movie,The Gentlemen,2020-01-01T00:00:00Z,,,7.668,8.0,2023-07-25T00:00:00Z
65754,tt1568346,movie,The Girl with the Dragon Tattoo,2011-12-14T00:00:00Z,,,7.38,8.0,2017-08-30T00:00:00Z
238,tt0068646,movie,The Godfather,1972-03-14T00:00:00Z,,,8.687,8.0,2016-09-29T00:00:00Z
240,tt0071562,movie,The Godfather Part II,1974-12-20T00:00:00Z,,,8.571,8.0,2018-02-02T00:00:00Z
37247,tt0061722,movie,The Graduate,1967-12-21T00:00:00Z,,,7.632,8.0,2018-12-02T00:00:00Z
120467,tt2278388,movie,The Grand Budapest Hotel,2014-02-26T00:00:00Z,,,8.031,10.0,2014-12-29T00:00:00Z
596,tt0032551,movie,The Grapes of Wrath,1940-03-15T00:00:00Z,,,7.819,8.0,2016-09-29T00:00:00Z
914,tt0032553,movie,The Great Dictator,1940-10-15T00:00:00Z,,,8.285,9.0,2019-09-29T00:00:00Z
5925,tt0057115,movie,The Great Escape,1963-07-03T00:00:00Z,,,7.929,8.0,2020-05-04T00:00:00Z
64682,tt1343092,movie,The Great Gatsby,2013-05-09T00:00:00Z,,,7.355,8.0,2016-09-29T00:00:00Z
566222,tt4736550,movie,The Great Hack,2019-01-26T00:00:00Z,,,6.897,8.0,2019-08-24T00:00:00Z
316029,tt1485796,movie,The Greatest Showman,2017-12-20T00:00:00Z,,,7.865,7.0,2019-01-01T00:00:00Z
559907,tt9243804,movie,The Green Knight,2021-07-29T00:00:00Z,,,6.612,7.0,2021-08-17T00:00:00Z
497,tt0120689,movie,The Green Mile,1999-12-10T00:00:00Z,,,8.504,9.0,2018-07-27T00:00:00Z
273248,tt3460252,movie,The Hateful Eight,2015-12-25T00:00:00Z,,,7.755,6.0,2021-11-02T00:00:00Z
7453,tt0371724,movie,The Hitchhiker's Guide to the Galaxy,2005-04-28T00:00:00Z,,,6.68,6.0,2023-06-16T00:00:00Z
11934,tt0110074,movie,The Hudsucker Proxy,1994-03-11T00:00:00Z,,,7.068,7.0,2022-10-24T00:00:00Z
10400,tt0174856,movie,The Hurricane,1999-09-17T00:00:00Z,,,7.435,6.0,2016-10-14T00:00:00Z
10316,tt1124035,movie,The Ides of March,2011-10-07T00:00:00Z,,,6.675,9.0,2025-07-31T00:00:00Z
205596,tt2084970,movie,The Imitation Game,2014-11-14T00:00:00Z,,,7.987,7.0,2017-10-09T00:00:00Z
84287,tt1966604,movie,The Imposter,2012-07-13T00:00:00Z,,,7.321,9.0,2019-05-13T00:00:00Z
9806,tt0317705,movie,The Incredibles,2004-11-05T00:00:00Z,,,7.72,9.0,2018-06-19T00:00:00Z
9008,tt0140352,movie,The Insider,1999-10-28T00:00:00Z,,,7.456,8.0,2015-11-14T00:00:00Z
228967,tt2788710,movie,The Interview,2014-12-25T00:00:00Z,,,6.191,5.0,2018-07-21T00:00:00Z
398978,tt1302006,movie,The Irishman,2019-11-01T00:00:00Z,,,7.576,3.0,2020-01-23T00:00:00Z
10386,tt0129167,movie,The Iron Giant,1999-08-06T00:00:00Z,,,7.949,9.0,2019-08-13T00:00:00Z
10098,tt0012349,movie,The Kid,1921-01-21T00:00:00Z,,,8.147,7.0,2020-03-23T00:00:00Z
399057,tt5715874,movie,The Killing of a Sacred Deer,2017-10-20T00:00:00Z,,,7.01,8.0,2023-12-14T00:00:00Z
10196,tt0938283,movie,The Last Airbender,2010-06-30T00:00:00Z,,,4.646,2.0,2018-11-13T00:00:00Z
137106,tt1490017,movie,The Lego Movie,2014-02-06T00:00:00Z,,,7.421,8.0,2019-02-15T00:00:00Z
280217,tt3513498,movie,The Lego Movie 2: The Second Part,2019-02-06T00:00:00Z,,,6.656,6.0,2019-02-15T00:00:00Z
421,tt0362270,movie,The Life Aquatic with Steve Zissou,2004-12-10T00:00:00Z,,,7.078,7.0,2016-11-29T00:00:00Z
842924,tt12908150,movie,The Life of Chuck,2025-06-05T00:00:00Z,,,7.277,9.0,2025-06-25T00:00:00Z
503919,tt7984734,movie,The Lighthouse,2019-10-18T00:00:00Z,,,7.484,8.0,2019-10-26T00:00:00Z
8587,tt0110357,movie,The Lion King,1994-06-15T00:00:00Z,,,8.253,6.0,2016-09-29T00:00:00Z
254320,tt3464902,movie,The Lobster,2015-10-15T00:00:00Z,,,7.026,9.0,2016-06-05T00:00:00Z
604196,tt10376068,movie,The Lonely Island Presents: The Unauthorized Bash Brothers Experience,2019-05-22T00:00:00Z,,,6.34,7.0,2019-06-13T00:00:00Z
120,tt0120737,movie,The Lord of the Rings: The Fellowship of the Ring,2001-12-18T00:00:00Z,,,8.428,9.0,2016-05-24T00:00:00Z
122,tt0167260,movie,The Lord of the Rings: The Return of the King,2003-12-17T00:00:00Z,,,8.493,9.0,2016-05-26T00:00:00Z
121,tt0167261,movie,The Lord of the Rings: The Two Towers,2002-12-18T00:00:00Z,,,8.412,9.0,2016-05-25T00:00:00Z
28580,tt0037884,movie,The Lost Weekend,1945-11-29T00:00:00Z,,,7.627,4.0,2016-02-06T00:00:00Z
374052,tt3908142,movie,The Love Witch,2016-11-11T00:00:00Z,,,6.438,4.0,2025-06-16T00:00:00Z
1288070,tt32331377,movie,The Luckiest Man in America,2025-04-04T00:00:00Z,,,6.332,7.0,2025-04-09T00:00:00Z
963,tt0033870,movie,The Maltese Falcon,1941-10-18T00:00:00Z,,,7.709,8.0,2019-09-09T00:00:00Z
203801,tt1638355,movie,The Man from U.N.C.L.E.,2015-08-13T00:00:00Z,,,7.08,7.0,2025-08-03T00:00:00Z
10778,tt0243133,movie,The Man Who Wasn't There,2001-10-26T00:00:00Z,,,7.51,9.0,2016-03-18T00:00:00Z
286217,tt3659388,movie,The Martian,2015-09-30T00:00:00Z,,,7.691,8.0,2015-10-10T00:00:00Z
68722,tt1560747,movie,The Master,2012-09-14T00:00:00Z,,,7.109,7.0,2020-02-01T00:00:00Z
603,tt0133093,movie,The Matrix,1999-03-31T00:00:00Z,,,8.238,9.0,2015-10-28T00:00:00Z
10313,tt1234548,movie,The Men Who Stare at Goats,2009-10-17T00:00:00Z,,,5.969,8.0,2016-11-09T00:00:00Z
10414,tt0104868,movie,The Mighty Ducks,1992-10-02T00:00:00Z,,,6.579,6.0,2020-12-05T00:00:00Z
1035259,tt3402138,movie,The Naked Gun,2025-07-30T00:00:00Z,,,6.402,6.0,2025-08-01T00:00:00Z
37136,tt0095705,movie,The Naked Gun: From the Files of Police Squad!,1988-12-02T00:00:00Z,,,7.268,7.0,2020-03-25T00:00:00Z
301365,tt1974419,movie,The Neon Demon,2016-05-31T00:00:00Z,,,6.51,10.0,2016-06-24T00:00:00Z
11400,tt0402399,movie,The New World,2005-12-25T00:00:00Z,,,6.521,6.0,2017-09-02T00:00:00Z
290250,tt3799694,movie,The Nice Guys,2016-05-15T00:00:00Z,,,7.127,7.0,2021-11-02T00:00:00Z
9479,tt0107688,movie,The Nightmare Before Christmas,1993-10-09T00:00:00Z,,,7.831,8.0,2021-11-01T00:00:00Z
639933,tt11138512,movie,The Northman,2022-04-07T00:00:00Z,,,7.031,7.0,2022-05-01T00:00:00Z
1195310,tt29497240,movie,The Only Girl in the Orchestra,2023-11-09T00:00:00Z,,,6.6,6.0,2025-03-17T00:00:00Z
14439,tt0144550,movie,The Pentagon Wars,1998-02-28T00:00:00Z,,,6.838,6.0,2024-11-21T00:00:00Z
9833,tt0293508,movie,The Phantom of the Opera,2004-12-08T00:00:00Z,,,7.257,5.0,2020-11-08T00:00:00Z
1137350,tt30840798,movie,The Phoenician Scheme,2025-05-23T00:00:00Z,,,6.528,6.0,2025-06-06T00:00:00Z
423,tt0253474,movie,The Pianist,2002-09-17T00:00:00Z,,,8.375,8.0,2019-07-01T00:00:00Z
97367,tt1817273,movie,The Place Beyond the Pines,2013-03-20T00:00:00Z,,,6.985,8.0,2016-05-11T00:00:00Z
446354,tt6294822,movie,The Post,2017-12-22T00:00:00Z,,,7.002,8.0,2023-08-04T00:00:00Z
1124,tt0482571,movie,The Prestige,2006-10-17T00:00:00Z,,,8.205,8.0,2015-10-13T00:00:00Z
2493,tt0093779,movie,The Princess Bride,1987-09-25T00:00:00Z,,,7.692,6.0,2019-07-13T00:00:00Z
1172674,tt28912858,movie,The Rat Catcher,2023-09-28T00:00:00Z,,,6.603,7.0,2024-10-03T00:00:00Z
524348,tt8236336,movie,The Report,2019-09-12T00:00:00Z,,,7.037,7.0,2023-07-22T00:00:00Z
281957,tt1663202,movie,The Revenant,2015-12-25T00:00:00Z,,,7.538,8.0,2016-01-19T00:00:00Z
466622,tt7134096,movie,The Rhythm Section,2020-01-31T00:00:00Z,,,5.508,7.0,2020-02-03T00:00:00Z
9549,tt0086197,movie,The Right Stuff,1983-10-20T00:00:00Z,,,7.405,6.0,2024-08-05T00:00:00Z
20766,tt0898367,movie,The Road,2009-11-25T00:00:00Z,,,7.013,8.0,2016-09-29T00:00:00Z
9428,tt0265666,movie,The Royal Tenenbaums,2001-10-05T00:00:00Z,,,7.462,7.0,2016-09-21T00:00:00Z
399055,tt5580390,movie,The Shape of Water,2017-12-01T00:00:00Z,,,7.237,9.0,2017-12-31T00:00:00Z
278,tt0111161,movie,The Shawshank Redemption,1994-09-23T00:00:00Z,,,8.715,8.0,2015-07-26T00:00:00Z
694,tt0081505,movie,The Shining,1980-05-23T00:00:00Z,,,8.205,8.0,2015-10-30T00:00:00Z
274,tt0102926,movie,The Silence of the Lambs,1991-02-14T00:00:00Z,,,8.346,8.0,2016-09-17T00:00:00Z
745,tt0167404,movie,The Sixth Sense,1999-08-06T00:00:00Z,,,7.948,9.0,2019-05-18T00:00:00Z
37799,tt1285016,movie,The Social Network,2010-10-01T00:00:00Z,,,7.37,9.0,2015-10-17T00:00:00Z
15121,tt0059742,movie,The Sound of Music,1965-03-29T00:00:00Z,,,7.731,7.0,2018-12-02T00:00:00Z
776485,tt8610436,movie,The Sparks Brothers,2021-06-18T00:00:00Z,,,7.355,6.0,2025-07-14T00:00:00Z
11836,tt0345950,movie,The SpongeBob SquarePants Movie,2004-11-19T00:00:00Z,,,7.069,7.0,2021-03-09T00:00:00Z
9277,tt0070735,movie,The Sting,1973-12-25T00:00:00Z,,,8.018,7.0,2016-10-03T00:00:00Z
436969,tt6334354,movie,The Suicide Squad,2021-07-28T00:00:00Z,,,7.468,6.0,2022-01-07T00:00:00Z
1172675,tt28912758,movie,The Swan,2023-09-27T00:00:00Z,,,6.777,6.0,2024-10-03T00:00:00Z
218,tt0088247,movie,The Terminator,1984-10-26T00:00:00Z,,,7.675,8.0,2019-05-05T00:00:00Z
14285,tt0096257,movie,The Thin Blue Line,1988-08-28T00:00:00Z,,,7.637,6.0,2024-12-30T00:00:00Z
1091,tt0084787,movie,The Thing,1982-06-25T00:00:00Z,,,8.067,6.0,2019-08-13T00:00:00Z
1092,tt0041959,movie,The Third Man,1949-08-31T00:00:00Z,,,7.905,8.0,2020-04-17T00:00:00Z
23168,tt0840361,movie,The Town,2010-09-15T00:00:00Z,,,7.217,7.0,2018-01-11T00:00:00Z
338969,tt1633359,movie,The Toxic Avenger Unrated,2025-08-28T00:00:00Z,,,6.033,5.0,2025-09-10T00:00:00Z
1857,tt0092106,movie,The Transformers: The Movie,1986-08-08T00:00:00Z,,,7.128,6.0,2017-04-19T00:00:00Z
3090,tt0040897,movie,The Treasure of the Sierra Madre,1948-01-15T00:00:00Z,,,7.956,8.0,2020-04-06T00:00:00Z
8967,tt0478304,movie,The Tree of Life,2011-05-17T00:00:00Z,,,6.727,4.0,2015-12-06T00:00:00Z
37165,tt0120382,movie,The Truman Show,1998-06-04T00:00:00Z,,,8.151,9.0,2016-05-12T00:00:00Z
629,tt0114814,movie,The Usual Suspects,1995-07-19T00:00:00Z,,,8.169,8.0,2016-01-14T00:00:00Z
1443,tt0159097,movie,The Virgin Suicides,2000-04-21T00:00:00Z,,,7.129,7.0,2016-12-16T00:00:00Z
416211,tt6073176,movie,The White Helmets,2016-09-16T00:00:00Z,,,7.401,8.0,2017-04-14T00:00:00Z
576,tt0065214,movie,The Wild Bunch,1969-06-19T00:00:00Z,,,7.587,4.0,2023-04-26T00:00:00Z
630,tt0032138,movie,The Wizard of Oz,1939-08-15T00:00:00Z,,,7.587,4.0,2025-07-19T00:00:00Z
106646,tt0993846,movie,The Wolf of Wall Street,2013-12-25T00:00:00Z,,,8.026,9.0,2015-12-06T00:00:00Z
923939,tt16968450,movie,The Wonderful Story of Henry Sugar,2023-09-20T00:00:00Z,,,7.244,8.0,2024-09-27T00:00:00Z
1259365,tt31800329,movie,The Wonderful Story of Henry Sugar and Three More,2024-03-14T00:00:00Z,,,7.444,8.0,2024-10-03T00:00:00Z
107985,tt1213663,movie,The World's End,2013-07-18T00:00:00Z,,,6.807,6.0,2016-11-09T00:00:00Z
467244,tt7160372,movie,The Zone of Interest,2023-12-15T00:00:00Z,,,7.008,4.0,2024-03-09T00:00:00Z
7345,tt0469494,movie,There Will Be Blood,2007-12-26T00:00:00Z,,,8.078,8.0,2016-09-29T00:00:00Z
543580,tt7905466,movie,They Shall Not Grow Old,2018-11-09T00:00:00Z,,,7.773,8.0,2019-02-07T00:00:00Z
16070,tt0493459,movie,This Film Is Not Yet Rated,2006-01-25T00:00:00Z,,,7.079,6.0,2023-07-19T00:00:00Z
284053,tt3501632,movie,Thor: Ragnarok,2017-10-02T00:00:00Z,,,7.581,8.0,2017-11-18T00:00:00Z
359940,tt5027774,movie,"Three Billboards Outside Ebbing, Missouri",2017-12-01T00:00:00Z,,,8.061,9.0,2018-02-17T00:00:00Z
537116,tt8721424,movie,"tick, tick... BOOM!",2021-11-11T00:00:00Z,,,7.604,3.0,2022-01-23T00:00:00Z
212063,tt3089388,movie,Tim's Vermeer,2013-12-06T00:00:00Z,,,7.218,8.0,2024-08-26T00:00:00Z
597,tt0120338,movie,Titanic,1997-12-18T00:00:00Z,,,7.902,7.0,2016-09-29T00:00:00Z
595,tt0056592,movie,To Kill a Mockingbird,1962-12-20T00:00:00Z,,,7.996,9.0,2020-04-12T00:00:00Z
744,tt0092099,movie,Top Gun,1986-05-16T00:00:00Z,,,7.058,6.0,2018-05-19T00:00:00Z
361743,tt1745960,movie,Top Gun: Maverick,2022-05-21T00:00:00Z,,,8.156,9.0,2022-05-29T00:00:00Z
861,tt0100802,movie,Total Recall,1990-06-01T00:00:00Z,,,7.313,5.0,2024-11-10T00:00:00Z
862,tt0114709,movie,Toy Story,1995-11-22T00:00:00Z,,,7.97,8.0,2018-07-04T00:00:00Z
863,tt0120363,movie,Toy Story 2,1999-10-30T00:00:00Z,,,7.604,9.0,2018-07-04T00:00:00Z
10193,tt0435761,movie,Toy Story 3,2010-06-16T00:00:00Z,,,7.804,8.0,2018-07-16T00:00:00Z
627,tt0117951,movie,Trainspotting,1996-02-23T00:00:00Z,,,7.959,5.0,2019-08-02T00:00:00Z
157353,tt2209764,movie,Transcendence,2014-04-16T00:00:00Z,,,6.064,5.0,2016-10-10T00:00:00Z
1858,tt0418279,movie,Transformers,2007-06-27T00:00:00Z,,,6.822,5.0,2016-09-29T00:00:00Z
9362,tt0100814,movie,Tremors,1990-01-19T00:00:00Z,,,6.931,4.0,2024-12-28T00:00:00Z
497828,tt7322224,movie,Triangle of Sadness,2022-09-18T00:00:00Z,,,7.016,3.0,2025-09-11T00:00:00Z
533533,tt6604188,movie,TRON: Ares,2025-10-08T00:00:00Z,,,6.477,5.0,2025-10-09T00:00:00Z
20526,tt1104001,movie,TRON: Legacy,2010-12-14T00:00:00Z,,,6.535,8.0,2025-10-09T00:00:00Z
47931,tt1555149,movie,Tropa de Elite 2,2010-10-08T00:00:00Z,,,7.83,9.0,2016-12-03T00:00:00Z
7446,tt0942385,movie,Tropic Thunder,2008-08-09T00:00:00Z,,,6.701,6.0,2019-03-19T00:00:00Z
44264,tt1403865,movie,True Grit,2010-12-22T00:00:00Z,,,7.304,7.0,2016-04-15T00:00:00Z
63,tt0114746,movie,Twelve Monkeys,1995-12-29T00:00:00Z,,,7.6,8.0,2020-04-23T00:00:00Z
8966,tt1099212,movie,Twilight,2008-11-20T00:00:00Z,,,6.282,5.0,2023-08-21T00:00:00Z
664,tt0117998,movie,Twister,1996-05-10T00:00:00Z,,,6.548,7.0,2024-09-02T00:00:00Z
718821,tt12584954,movie,Twisters,2024-07-10T00:00:00Z,,,6.781,6.0,2024-09-04T00:00:00Z
11959,tt0098546,movie,UHF,1989-07-21T00:00:00Z,,,6.659,7.0,2024-12-31T00:00:00Z
227306,tt1809398,movie,Unbroken,2014-12-25T00:00:00Z,,,7.424,8.0,2018-07-28T00:00:00Z
473033,tt5727208,movie,Uncut Gems,2019-08-30T00:00:00Z,,,7.156,9.0,2020-01-05T00:00:00Z
33,tt0105695,movie,Unforgiven,1992-08-07T00:00:00Z,,,7.905,6.0,2019-09-17T00:00:00Z
365245,tt1183918,movie,Unspooled,2008-09-26T00:00:00Z,,,6.0,6.0,2016-08-28T00:00:00Z
14160,tt1049413,movie,Up,2009-05-28T00:00:00Z,,,7.959,8.0,2016-09-29T00:00:00Z
500664,tt6499752,movie,Upgrade,2018-05-31T00:00:00Z,,,7.501,7.0,2018-06-09T00:00:00Z
752,tt0434409,movie,V for Vendetta,2006-02-23T00:00:00Z,,,7.897,8.0,2020-07-05T00:00:00Z
7461,tt0443274,movie,Vantage Point,2008-02-01T00:00:00Z,,,6.401,4.0,2016-05-11T00:00:00Z
463684,tt7043012,movie,Velvet Buzzsaw,2019-02-01T00:00:00Z,,,5.377,7.0,2019-09-17T00:00:00Z
426,tt0052357,movie,Vertigo,1958-05-09T00:00:00Z,,,8.147,7.0,2019-11-10T00:00:00Z
429197,tt6266538,movie,Vice,2018-12-25T00:00:00Z,,,7.013,6.0,2019-01-10T00:00:00Z
429202,tt5960374,movie,Vox Lux,2018-09-07T00:00:00Z,,,5.799,8.0,2019-03-10T00:00:00Z
9965,tt0423505,movie,"Wake Up, Ron Burgundy: The Lost Movie",2004-12-28T00:00:00Z,,,6.024,7.0,2018-01-16T00:00:00Z
10681,tt0910970,movie,WALL·E,2008-06-22T00:00:00Z,,,8.107,8.0,2016-09-29T00:00:00Z
1241436,tt31434639,movie,Warfare,2025-04-09T00:00:00Z,,,7.075,6.0,2025-04-17T00:00:00Z
860,tt0086567,movie,WarGames,1983-06-03T00:00:00Z,,,7.061,7.0,2023-06-18T00:00:00Z
59440,tt1291584,movie,Warrior,2011-09-09T00:00:00Z,,,7.845,9.0,2020-05-17T00:00:00Z
71859,tt1242460,movie,We Need to Talk About Kevin,2011-09-28T00:00:00Z,,,7.544,8.0,2025-09-11T00:00:00Z
1164614,tt28055078,movie,We're All Gonna Die,2025-03-07T00:00:00Z,,,6.132,8.0,2025-04-01T00:00:00Z
928344,tt17076046,movie,Weird: The Al Yankovic Story,2022-09-08T00:00:00Z,,,6.716,7.0,2022-11-07T00:00:00Z
246741,tt3416742,movie,What We Do in the Shadows,2014-06-19T00:00:00Z,,,7.552,9.0,2018-02-21T00:00:00Z
1587,tt0108550,movie,What's Eating Gilbert Grape,1993-12-17T00:00:00Z,,,7.662,5.0,2025-01-07T00:00:00Z
489890,tt7107130,movie,Where Mothbloods Bloom,2017-12-31T00:00:00Z,,,7.0,7.0,2018-02-17T00:00:00Z
721930,tt10804210,movie,Where’s Rose,2022-12-08T00:00:00Z,,,5.5,4.0,2022-07-30T00:00:00Z
244786,tt2582802,movie,Whiplash,2014-10-10T00:00:00Z,,,8.373,10.0,2015-01-20T00:00:00Z
13368,tt0047673,movie,White Christmas,1954-10-14T00:00:00Z,,,7.191,8.0,2023-12-26T00:00:00Z
208238,tt0493079,movie,Who Needs Sleep?,2006-01-19T00:00:00Z,,,6.8,6.0,2018-01-26T00:00:00Z
42694,tt0063803,movie,Who's That Knocking at My Door,1968-09-13T00:00:00Z,,,6.114,4.0,2016-12-13T00:00:00Z
53543,tt0252993,movie,Will Vinton's Claymation Comedy of Horrors,1991-05-29T00:00:00Z,,,6.0,6.0,2025-11-11T00:00:00Z
490003,tt7681902,movie,Won't You Be My Neighbor?,2018-06-29T00:00:00Z,,,8.006,9.0,2018-07-11T00:00:00Z
1391,tt0245574,movie,Y tu mamá también,2001-06-08T00:00:00Z,,,7.417,8.0,2025-03-02T00:00:00Z
515195,tt8079248,movie,Yesterday,2019-06-26T00:00:00Z,,,6.686,2.0,2023-08-02T00:00:00Z
440298,tt6543652,movie,Zimna wojna,2018-06-08T00:00:00Z,,,7.434,3.0,2019-02-07T00:00:00Z
1949,tt0443706,movie,Zodiac,2007-03-02T00:00:00Z,,,7.527,7.0,2015-10-07T00:00:00Z
338967,tt1560220,movie,Zombieland: Double Tap,2019-10-09T00:00:00Z,,,6.907,6.0,2019-10-18T00:00:00Z
269149,tt2948356,movie,Zootopia,2016-02-11T00:00:00Z,,,7.759,6.0,2016-09-23T00:00:00Z
25237,tt0091251,movie,Иди и смотри,1985-10-17T00:00:00Z,,,8.22,9.0,2018-02-01T00:00:00Z
38360,tt0050634,movie,Летят журавли,1957-10-12T00:00:00Z,,,7.916,9.0,2017-01-03T00:00:00Z
593,tt0069293,movie,Солярис,1972-03-20T00:00:00Z,,,7.777,8.0,2020-04-28T00:00:00Z
1398,tt0079944,movie,Сталкер,1979-05-25T00:00:00Z,,,8.105,3.0,2024-09-10T00:00:00Z
60243,tt1832382,movie,جدایی نادر از سیمین,2011-02-15T00:00:00Z,,,7.897,9.0,2017-12-24T00:00:00Z
200085,tt2351310,movie,감기,2013-08-14T00:00:00Z,,,7.515,7.0,2020-02-01T00:00:00Z
496243,tt6751668,movie,기생충,2019-05-30T00:00:00Z,,,8.493,9.0,2020-03-15T00:00:00Z
4689,tt0310775,movie,복수는 나의 것,2002-03-29T00:00:00Z,,,7.46,7.0,2019-09-09T00:00:00Z
110415,tt1706620,movie,설국열차,2013-08-01T00:00:00Z,,,6.908,9.0,2017-03-10T00:00:00Z
670,tt0364569,movie,올드보이,2003-11-21T00:00:00Z,,,8.241,9.0,2015-09-16T00:00:00Z
940721,tt23289160,movie,ゴジラ-1.0,2023-11-03T00:00:00Z,,,7.58,7.0,2023-12-14T00:00:00Z
8392,tt0096283,movie,となりのトトロ,1988-04-16T00:00:00Z,,,8.063,6.0,2016-02-27T00:00:00Z
4935,tt0347149,movie,ハウルの動く城,2004-09-09T00:00:00Z,,,8.387,8.0,2025-11-11T00:00:00Z
3176,tt0266308,movie,バトル・ロワイアル,2000-12-16T00:00:00Z,,,7.269,7.0,2016-09-21T00:00:00Z
128,tt0119698,movie,もののけ姫,1997-07-12T00:00:00Z,,,8.324,9.0,2019-11-17T00:00:00Z
25538,tt0244316,movie,一一,2000-09-20T00:00:00Z,,,7.932,9.0,2025-10-01T00:00:00Z
346,tt0047478,movie,七人の侍,1954-04-26T00:00:00Z,,,8.452,8.0,2018-07-03T00:00:00Z
11645,tt0089881,movie,乱,1985-06-01T00:00:00Z,,,8.041,6.0,2020-01-28T00:00:00Z
129,tt0245429,movie,千と千尋の神隠し,2001-07-20T00:00:00Z,,,8.534,7.0,2015-10-11T00:00:00Z
372058,tt5311514,movie,君の名は。,2016-08-26T00:00:00Z,,,8.478,9.0,2022-01-11T00:00:00Z
568160,tt9426210,movie,天気の子,2019-07-19T00:00:00Z,,,7.983,7.0,2023-04-18T00:00:00Z
37557,tt0115012,movie,摇啊摇，摇到外婆桥,1995-09-14T00:00:00Z,,,6.75,5.0,2015-11-20T00:00:00Z
18491,tt0169858,movie,新世紀エヴァンゲリオン劇場版 Air／まごころを、君に,1997-07-19T00:00:00Z,,,8.261,4.0,2022-08-29T00:00:00Z
10775,tt0338564,movie,無間道,2002-12-12T00:00:00Z,,,7.799,8.0,2018-11-10T00:00:00Z
11878,tt0055630,movie,用心棒,1961-04-25T00:00:00Z,,,8.091,9.0,2017-09-07T00:00:00Z
776305,tt13651628,movie,竜とそばかすの姫,2021-07-16T00:00:00Z,,,7.644,5.0,2022-01-18T00:00:00Z
548,tt0042876,movie,羅生門,1950-08-26T00:00:00Z,,,8.044,7.0,2019-09-19T00:00:00Z
14756,tt1220719,movie,葉問,2008-12-12T00:00:00Z,,,7.762,9.0,2017-03-06T00:00:00Z
9056,tt0089374,movie,警察故事,1985-12-14T00:00:00Z,,,7.528,8.0,2025-04-05T00:00:00Z
16859,tt0097814,movie,魔女の宅急便,1989-07-29T00:00:00Z,,,7.83,7.0,2024-01-29T00:00:00Z